country,start,H,joint,fossil,retained,baseline,change_pct
Argentina,2001,2,False,True,True,53.79999924,-21.20817845944638
Argentina,2001,3,False,False,True,53.79999924,-7.54646397277533
Argentina,2009,2,False,False,False,82.06999969,2.3760167629653273
Argentina,2009,3,False,False,False,82.06999969,10.24735433382087
Argentina,2013,2,False,False,True,98.62999725,-0.14194402707438103
Argentina,2013,3,False,False,False,98.62999725,5.393896175942547
Argentina,2017,2,True,True,True,107.4100037,-2.532353790431907
Argentina,2017,3,False,True,True,107.4100037,-10.334238672035356
Argentina,2022,2,True,True,True,105.9400024,-16.98131493529209
Argentina,2022,3,False,False,True,105.9400024,-15.404945516595536
Australia,2002,2,False,False,False,207.0,0.14009338164251428
Australia,2002,3,False,False,False,207.0,1.3768145410627985
Australia,2010,2,True,True,True,229.7400055,-1.77157099441263
Australia,2010,3,False,True,True,229.7400055,-4.0698206129363035
Australia,2013,2,False,False,True,220.3899994,-2.495576031114599
Australia,2013,3,False,False,True,220.3899994,-0.9982290512225434
Australia,2016,2,False,False,False,218.1900024,0.7287210149460099
Australia,2016,3,False,False,True,218.1900024,-2.3144978892030155
Australia,2018,2,True,True,True,219.7799988,-4.158703908410432
Australia,2018,3,True,True,True,219.7799988,-8.604060334538488
Brazil,2002,2,True,True,True,37.34000015,-10.524907027886032
Brazil,2002,3,False,False,False,37.34000015,13.818960442612639
Brazil,2005,2,True,True,True,42.5,-1.6235261882352914
Brazil,2005,3,True,True,True,42.5,-5.741173247058818
Brazil,2009,2,False,False,False,58.68000031,8.84457837863295
Brazil,2009,3,False,False,True,58.68000031,-10.633949637073547
Brazil,2011,2,False,False,False,63.86999893,25.72413401479292
Brazil,2011,3,False,False,False,63.86999893,82.93408213150882
Brazil,2016,2,False,False,True,135.1799927,-21.171768490560073
Brazil,2016,3,False,False,True,135.1799927,-33.104005627010224
Brazil,2018,2,False,False,True,106.5599976,-4.504500382984256
Brazil,2018,3,False,False,True,106.5599976,-13.860732932298792
Brazil,2020,2,False,False,False,101.7600021,31.51532924349261
Brazil,2020,3,False,False,True,101.7600021,-32.478382800662295
Brazil,2022,2,True,True,True,133.8300018,-52.60405031990367
Brazil,2022,3,False,False,True,133.8300018,-41.208997047177796
Canada,2002,2,False,False,True,170.0599976,-1.4289031719944112
Canada,2002,3,False,False,True,170.0599976,-6.156651445230887
Canada,2004,2,True,True,True,167.6300049,-6.705246776497587
Canada,2004,3,False,True,True,167.6300049,-12.408281627390206
Canada,2008,2,False,True,True,161.7100067,-13.406720055500454
Canada,2008,3,False,False,True,161.7100067,-9.510855397175622
Canada,2012,2,True,True,True,148.6399994,-7.501341459235766
Canada,2012,3,False,False,True,148.6399994,-6.357640633844075
Canada,2015,2,True,True,True,139.1900024,-2.521739808519452
Canada,2015,3,True,True,True,139.1900024,-7.902866448977086
Canada,2020,2,False,False,True,126.5,-1.162056284584978
Canada,2020,3,False,False,True,126.5,-1.20157833992095
Canada,2022,2,False,False,False,125.0299988,6.782368856585164
Canada,2022,3,False,False,False,125.0299988,13.604730595262549
China,2015,2,False,False,False,4372.0,0.5761651646843502
China,2015,3,False,False,False,4372.0,7.257085658737417
France,2001,2,False,False,False,49.56999969,4.478517740333676
France,2001,3,False,False,False,49.56999969,14.161792422637799
France,2004,2,False,False,False,56.59000015,10.673265424969248
France,2004,3,False,False,True,56.59000015,-0.6891666177173517
France,2006,2,False,False,True,62.63000107,-7.695991725455665
France,2006,3,False,False,True,62.63000107,-11.863324577778101
France,2008,2,False,True,True,57.81000137,-11.81456783971704
France,2008,3,False,False,True,57.81000137,-1.1243755485142004
France,2012,2,True,True,True,59.24000168,-9.453075846030256
France,2012,3,False,True,True,59.24000168,-39.567862551080204
France,2018,2,False,False,True,65.47000122,-18.115167846334124
France,2018,3,False,False,True,65.47000122,-26.08828701958592
France,2020,2,False,False,True,53.61000061,-8.878944386939814
France,2020,3,False,False,False,53.61000061,12.572277155958055
France,2023,2,True,True,True,60.34999847,-52.51035529976543
Germany,2004,2,False,False,True,390.2999878,-0.8813739450493463
Germany,2004,3,False,False,False,390.2999878,0.017936792771777732
Germany,2008,2,True,True,True,401.1300049,-11.013883818293246
Germany,2008,3,False,False,True,401.1300049,-5.706383072915822
Germany,2011,2,False,False,True,378.2399902,-0.34104749191589123
Germany,2011,3,False,False,False,378.2399902,0.5842909415346043
Germany,2014,2,True,True,True,380.4500122,-5.5749826047712165
Germany,2014,3,False,False,True,380.4500122,-3.3355242457789647
Germany,2017,2,True,True,True,367.7600098,-9.356646395216629
Germany,2017,3,True,True,True,367.7600098,-22.816511165972898
Germany,2023,2,True,True,True,280.6300049,-26.903751801915753
India,2019,2,True,True,True,1276.52002,-4.297620494819965
India,2019,3,False,False,False,1276.52002,3.3552122433614606
Indonesia,2020,2,False,False,False,247.3999939,2.3282174381654253
Indonesia,2020,3,False,False,False,247.3999939,8.37914774095716
Italy,2001,2,False,False,False,219.0700073,4.633219318836446
Italy,2001,3,False,False,False,219.0700073,9.284701566721498
Italy,2008,2,True,True,True,258.4500122,-15.999227760918632
Italy,2008,3,False,False,True,258.4500122,-15.00870832615112
Italy,2011,2,True,True,True,219.6600037,-7.570793325995018
Italy,2011,3,True,True,True,219.6600037,-20.77756470510339
Italy,2018,2,False,False,True,188.1999969,-7.460145287600694
Italy,2018,3,False,False,True,188.1999969,-15.031877612108502
Italy,2020,2,False,False,True,174.1600037,-2.8709232279374386
Italy,2020,3,False,False,False,174.1600037,3.1867265055644856
Italy,2023,2,True,True,True,179.7100067,-25.813809843901147
Japan,2004,2,False,False,False,750.3800049,0.9142015052645336
Japan,2004,3,False,False,True,750.3800049,-0.638340303409124
Japan,2006,2,False,False,False,757.2399902,5.55966896160367
Japan,2006,3,False,False,False,757.2399902,9.605936194783915
Japan,2013,2,True,True,True,977.5599976,-4.985882239418671
Japan,2013,3,True,True,True,977.5599976,-10.84127631656273
Japan,2017,2,True,True,True,894.25,-4.000002180598261
Japan,2017,3,True,True,True,894.25,-9.941294313670678
Japan,2023,2,True,True,True,775.6099854,-9.958612157393198
Mexico,2008,2,False,False,False,216.9900055,2.4747661016119915
Mexico,2008,3,False,False,False,216.9900055,2.8710979962623284
Mexico,2014,2,False,False,False,245.1999969,2.1778125887080613
Mexico,2014,3,False,False,False,245.1999969,6.362149713387688
Mexico,2019,2,True,True,True,280.5,-12.591802959001775
Mexico,2019,3,True,True,True,280.5,-16.37076584670232
Russia,2001,2,False,False,False,582.8900146,0.7565703802674184
Russia,2001,3,False,False,False,582.8900146,4.633808973127684
Russia,2009,2,False,False,True,711.6400146,-1.5527496308946231
Russia,2009,3,False,False,False,711.6400146,0.9358626641790879
Russia,2013,2,False,False,True,727.7800293,-2.5488537818002532
Russia,2013,3,False,False,True,727.7800293,-3.388391163153892
Russia,2017,2,False,False,False,708.6799927,0.5545511007058579
Russia,2017,3,False,False,False,708.6799927,0.6025314026055106
Russia,2020,2,False,False,False,712.9500122,0.20898943467331232
Russia,2020,3,False,False,False,712.9500122,3.5318033900161305
Saudi Arabia,2018,2,False,False,True,394.9200134,-4.200857448871953
Saudi Arabia,2018,3,False,False,True,394.9200134,-3.783045146630193
South Africa,2009,2,False,False,False,243.5299988,0.38599039322955164
South Africa,2009,3,False,False,False,243.5299988,1.0347818800219288
South Africa,2013,2,True,True,True,243.3899994,-2.761001362654991
South Africa,2013,3,True,True,True,243.3899994,-4.971447524478689
South Africa,2019,2,True,True,True,232.2400055,-7.177918448680032
South Africa,2019,3,True,True,True,232.2400055,-7.772133427718164
South Korea,2014,2,True,True,True,388.1499939,-5.232512667572664
South Korea,2014,3,False,False,True,388.1499939,-1.8781421137618604
South Korea,2019,2,True,True,True,431.6000061,-12.759501047653021
South Korea,2019,3,False,False,True,431.6000061,-6.939298372730018
South Korea,2022,2,True,True,True,401.6499939,-5.905639626601278
South Korea,2022,3,True,True,True,401.6499939,-6.408562328127054
Türkiye,2002,2,False,False,False,97.90000153,6.210420607743172
Türkiye,2002,3,False,False,False,97.90000153,5.658836346700524
Türkiye,2004,2,False,False,False,103.9800034,17.22446183339901
Türkiye,2004,3,False,False,False,103.9800034,26.687816303725942
Türkiye,2009,2,True,True,True,163.9499969,-5.178402171717266
Türkiye,2009,3,False,False,False,163.9499969,4.483077974367444
Türkiye,2013,2,False,False,False,174.2799988,14.373423899748161
Türkiye,2013,3,False,False,False,174.2799988,2.203348821689355
Türkiye,2015,2,False,False,True,199.3300018,-7.610494136864043
Türkiye,2015,3,False,False,False,199.3300018,5.378016958408516
Türkiye,2018,2,True,True,True,210.0500031,-19.681026322250972
Türkiye,2018,3,False,False,True,210.0500031,-16.843610748796976
Türkiye,2022,2,False,True,True,211.8099976,-12.445116377263965
Türkiye,2022,3,False,False,True,211.8099976,-12.38373830187891
United Kingdom,2009,2,False,False,True,314.5299988,-6.609865093732981
United Kingdom,2009,3,False,False,True,314.5299988,-16.13200346344833
United Kingdom,2011,2,True,True,True,293.7399902,-14.134946001642511
United Kingdom,2011,3,True,True,True,293.7399902,-20.181107604598814
United Kingdom,2017,2,True,True,True,184.4400024,-14.03166583346347
United Kingdom,2017,3,True,True,True,184.4400024,-17.98416702905009
United Kingdom,2023,2,True,True,True,142.1199951,-29.883193804022312
United States,2006,2,False,False,False,2899.959961,3.044180960676379
United States,2006,3,False,False,False,2899.959961,0.8362184418448937
United States,2008,2,True,True,True,2988.23999,-8.795480914503118
United States,2008,3,False,False,True,2988.23999,-3.5388723915712017
United States,2011,2,False,True,True,2882.48999,-3.589603792518292
United States,2011,3,False,True,True,2882.48999,-4.727857840713612
United States,2013,2,False,False,True,2779.02002,-0.9719257078255938
United States,2013,3,False,False,True,2779.02002,-1.7524145795826285
United States,2015,2,True,True,True,2752.01001,-3.453840961864818
United States,2015,3,True,True,True,2752.01001,-7.697649617197433
United States,2019,2,True,True,True,2661.300049,-8.619852807886074
United States,2019,3,False,False,True,2661.300049,-5.595391472523136
United States,2023,2,False,False,True,2557.209961,-0.1830092980777298
