country,start,horizon,endpoint,joint_continuity,fossil_continuity,endpoint_retention,fossil_baseline_twh,fossil_endpoint_twh,change_twh,change_pct,prior_total_generation_twh
Argentina,2001,2,2002,False,True,True,53.79999924,42.38999939,-11.409999849999998,-21.208178459446387,88.98000336
Argentina,2009,2,2010,False,False,False,82.06999969,84.01999664,1.9499969499999992,2.3760167629653357,121.9100037
Argentina,2013,2,2014,False,False,True,98.62999725,98.48999786,-0.13999938999999983,-0.1419440270743796,136.0200043
Argentina,2017,2,2018,True,True,True,107.4100037,104.6900024,-2.720001300000007,-2.532353790431912,147.1799927
Argentina,2022,2,2023,True,True,True,105.9400024,87.94999695,-17.990005449999998,-16.98131493529209,153.1499939
Australia,2002,2,2003,False,False,False,207.0,207.2899933,0.2899932999999919,0.14009338164250817,224.2599945
Australia,2010,2,2011,True,True,True,229.7400055,225.6699982,-4.070007299999986,-1.7715709944126323,249.8999939
Australia,2013,2,2014,False,False,True,220.3899994,214.8899994,-5.5,-2.495576031114595,250.6600037
Australia,2016,2,2017,False,False,False,218.1900024,219.7799988,1.5899963999999898,0.7287210149460037,253.9900055
Australia,2018,2,2019,True,True,True,219.7799988,210.6399994,-9.139999399999994,-4.158703908410429,258.9700012
Brazil,2002,2,2003,True,True,True,37.34000015,33.40999985,-3.930000300000003,-10.524907027886027,328.5499878
Brazil,2005,2,2006,True,True,True,42.5,41.81000137,-0.6899986299999981,-1.6235261882352896,387.4899902
Brazil,2009,2,2010,False,False,False,58.68000031,63.86999893,5.189998620000004,8.844578378632944,463.1799927
Brazil,2011,2,2012,False,False,False,63.86999893,80.30000305,16.43000412,25.72413401479291,515.7999878
Brazil,2016,2,2017,False,False,True,135.1799927,106.5599976,-28.61999510000001,-21.171768490560073,581.2199707
Brazil,2018,2,2019,False,False,True,106.5599976,101.7600021,-4.7999955000000085,-4.504500382984251,589.3200073
Brazil,2020,2,2021,False,False,False,101.7600021,133.8300018,32.0699997,31.515329243492616,633.3300171
Brazil,2022,2,2023,True,True,True,133.8300018,63.43000031,-70.40000149,-52.60405031990368,656.4000244
Canada,2002,2,2003,False,False,True,170.0599976,167.6300049,-2.429992700000014,-1.4289031719944079,587.7600098
Canada,2004,2,2005,True,True,True,167.6300049,156.3899994,-11.240005499999995,-6.705246776497586,588.2700195
Canada,2008,2,2009,False,True,True,161.7100067,140.0299988,-21.68000790000002,-13.406720055500447,634.1900024
Canada,2012,2,2013,True,True,True,148.6399994,137.4900055,-11.149993899999998,-7.50134145923577,638.2700195
Canada,2015,2,2016,True,True,True,139.1900024,135.6799927,-3.5100096999999835,-2.5217398085194542,652.9699707
Canada,2020,2,2021,False,False,True,126.5,125.0299988,-1.4700011999999987,-1.1620562845849791,655.7000122
Canada,2022,2,2023,False,False,False,125.0299988,133.5099945,8.479995700000003,6.782368856585164,652.4000244
China,2015,2,2016,False,False,False,4372.0,4397.189941,25.189940999999635,0.5761651646843466,5794.450195
France,2001,2,2002,False,False,False,49.56999969,51.79000092,2.220001229999994,4.478517740333667,532.5599976
France,2004,2,2005,False,False,False,56.59000015,62.63000107,6.040000919999997,10.673265424969252,559.1300049
France,2006,2,2007,False,False,True,62.63000107,57.81000137,-4.819999699999997,-7.695991725455669,569.1400146
France,2008,2,2009,False,True,True,57.81000137,50.97999954,-6.8300018300000005,-11.814567839717041,561.8400269
France,2012,2,2013,True,True,True,59.24000168,53.63999939,-5.600002289999999,-9.453075846030258,567.6500244
France,2018,2,2019,False,False,True,65.47000122,53.61000061,-11.86000061,-18.115167846334124,555.7399902
France,2020,2,2021,False,False,True,53.61000061,48.84999847,-4.760002139999997,-8.878944386939818,565.5200195
France,2023,2,2024,True,True,True,60.34999847,28.65999985,-31.689998620000004,-52.510355299765436,468.4500122
Germany,2004,2,2005,False,False,True,390.2999878,386.8599854,-3.440002399999969,-0.8813739450493442,602.0300293
Germany,2008,2,2009,True,True,True,401.1300049,356.9500122,-44.179992700000014,-11.013883818293246,631.0999756
Germany,2011,2,2012,False,False,True,378.2399902,376.9500122,-1.2899780000000192,-0.3410474919158929,624.210022
Germany,2014,2,2015,True,True,True,380.4500122,359.2399902,-21.21002199999998,-5.574982604771219,629.6900024
Germany,2017,2,2018,True,True,True,367.7600098,333.3500061,-34.410003700000004,-9.356646395216625,641.5200195
Germany,2023,2,2024,True,True,True,280.6300049,205.1300049,-75.50000000000003,-26.903751801915757,566.8800049
India,2019,2,2020,True,True,True,1276.52002,1221.660034,-54.859985999999935,-4.2976204948199666,1571.650024
Indonesia,2020,2,2021,False,False,False,247.3999939,253.1600037,5.760009800000006,2.3282174381654284,295.4400024
Italy,2001,2,2002,False,False,False,219.0700073,229.2200012,10.149993900000027,4.633219318836453,269.9400024
Italy,2008,2,2009,True,True,True,258.4500122,217.1000061,-41.3500061,-15.999227760918636,306.1700134
Italy,2011,2,2012,True,True,True,219.6600037,203.0299988,-16.630004900000017,-7.570793325995021,296.6300049
Italy,2018,2,2019,False,False,True,188.1999969,174.1600037,-14.039993199999998,-7.460145287600692,292.0899963
Italy,2020,2,2021,False,False,True,174.1600037,169.1600037,-5.0,-2.8709232279374373,289.9899902
Italy,2023,2,2024,True,True,True,179.7100067,133.3200073,-46.38999940000002,-25.813809843901154,280.1700134
Japan,2004,2,2005,False,False,False,750.3800049,757.2399902,6.859985299999948,0.9142015052645426,1092.589966
Japan,2006,2,2007,False,False,False,757.2399902,799.3400269,42.10003670000003,5.559668961603665,1153.069946
Japan,2013,2,2014,True,True,True,977.5599976,928.8200073,-48.73999029999993,-4.985882239418666,1106.880005
Japan,2017,2,2018,True,True,True,894.25,858.4799805,-35.77001949999999,-4.0000021805982655,1063.699951
Japan,2023,2,2024,True,True,True,775.6099854,698.3699951,-77.23999030000004,-9.958612157393203,1040.569946
Mexico,2008,2,2009,False,False,False,216.9900055,222.3600006,5.369995100000011,2.4747661016119986,263.2600098
Mexico,2014,2,2015,False,False,False,245.1999969,250.5399933,5.33999639999999,2.177812588708067,297.1199951
Mexico,2019,2,2020,True,True,True,280.5,245.1799927,-35.320007299999986,-12.591802959001779,349.2900085
Russia,2001,2,2002,False,False,False,582.8900146,587.2999878,4.409973200000081,0.7565703802674272,877.7600098
Russia,2009,2,2010,False,False,True,711.6400146,700.5900269,-11.049987699999974,-1.5527496308946276,1040.0
Russia,2013,2,2014,False,False,True,727.7800293,709.2299805,-18.550048800000013,-2.5488537818002492,1069.27002
Russia,2017,2,2018,False,False,False,708.6799927,712.6099854,3.9299927000000707,0.5545511007058618,1090.969971
Russia,2020,2,2021,False,False,False,712.9500122,714.4400024,1.4899902000000793,0.20898943467331066,1118.160034
Saudi Arabia,2018,2,2019,False,False,True,394.9200134,378.3299866,-16.590026800000032,-4.2008574488719574,394.9899902
South Africa,2009,2,2010,False,False,False,243.5299988,244.4700012,0.9400024000000258,0.3859903932295448,258.2900085
South Africa,2013,2,2014,True,True,True,243.3899994,236.6699982,-6.7200011999999845,-2.761001362654995,257.8699951
South Africa,2019,2,2020,True,True,True,232.2400055,215.5700073,-16.66999820000001,-7.177918448680027,256.2999878
South Korea,2014,2,2015,True,True,True,388.1499939,367.8399963,-20.30999760000003,-5.232512667572665,537.1599731
South Korea,2019,2,2020,True,True,True,431.6000061,376.5299988,-55.070007299999986,-12.759501047653018,592.9099731
South Korea,2022,2,2023,True,True,True,401.6499939,377.9299927,-23.720001200000013,-5.905639626601277,607.7600098
Türkiye,2002,2,2003,False,False,False,97.90000153,103.9800034,6.080001870000004,6.210420607743175,122.2399979
Türkiye,2004,2,2005,False,False,False,103.9800034,121.8899994,17.909995999999992,17.22446183339901,139.5399933
Türkiye,2009,2,2010,True,True,True,163.9499969,155.4600067,-8.489990199999994,-5.178402171717268,198.3699951
Türkiye,2013,2,2014,False,False,False,174.2799988,199.3300018,25.050003000000004,14.373423899748161,239.4900055
Türkiye,2015,2,2016,False,False,True,199.3300018,184.1600037,-15.169998099999987,-7.610494136864041,251.9499969
Türkiye,2018,2,2019,True,True,True,210.0500031,168.7100067,-41.33999639999999,-19.681026322250975,297.2900085
Türkiye,2022,2,2023,False,True,True,211.8099976,185.4499969,-26.3600007,-12.44511637726396,327.8800049
United Kingdom,2009,2,2010,False,False,True,314.5299988,293.7399902,-20.790008599999965,-6.6098650937329815,388.9599915
United Kingdom,2011,2,2012,True,True,True,293.7399902,252.2200012,-41.51998900000001,-14.134946001642511,382.0599976
United Kingdom,2017,2,2018,True,True,True,184.4400024,158.5599976,-25.880004799999995,-14.031665833463466,339.1799927
United Kingdom,2023,2,2024,True,True,True,142.1199951,99.65000153,-42.469993570000014,-29.883193804022312,324.5799866
United States,2006,2,2007,False,False,False,2899.959961,2988.23999,88.28002900000001,3.0441809606763743,4034.98999
United States,2008,2,2009,True,True,True,2988.23999,2725.409912,-262.83007799999996,-8.79548091450312,4142.569824
United States,2011,2,2012,False,True,True,2882.48999,2779.02002,-103.4699700000001,-3.589603792518291,4113.939941
United States,2013,2,2014,False,False,True,2779.02002,2752.01001,-27.010009999999966,-0.9719257078255941,4040.669922
United States,2015,2,2016,True,True,True,2752.01001,2656.959961,-95.05004899999994,-3.453840961864813,4096.009766
United States,2019,2,2020,True,True,True,2661.300049,2431.899902,-229.40014699999983,-8.61985280788607,4201.549805
United States,2023,2,2024,False,False,True,2557.209961,2552.530029,-4.679932000000008,-0.1830092980777345,4286.890137
Argentina,2001,3,2003,False,False,True,53.79999924,49.74000168,-4.059997559999999,-7.546463972775326,88.98000336
Argentina,2009,3,2011,False,False,False,82.06999969,90.48000336,8.410003669999995,10.247354333820875,121.9100037
Argentina,2013,3,2015,False,False,False,98.62999725,103.9499969,5.31999965,5.393896175942557,136.0200043
Argentina,2017,3,2019,False,True,True,107.4100037,96.30999756,-11.100006140000005,-10.334238672035355,147.1799927
Argentina,2022,3,2024,False,False,True,105.9400024,89.62000275,-16.31999965,-15.404945516595532,153.1499939
Australia,2002,3,2004,False,False,False,207.0,209.8500061,2.8500061000000017,1.3768145410628028,224.2599945
Australia,2010,3,2012,False,True,True,229.7400055,220.3899994,-9.350006100000002,-4.069820612936305,249.8999939
Australia,2013,3,2015,False,False,True,220.3899994,218.1900024,-2.199996999999996,-0.9982290512225467,250.6600037
Australia,2016,3,2018,False,False,True,218.1900024,213.1399994,-5.050003000000004,-2.3144978892030132,253.9900055
Australia,2018,3,2020,True,True,True,219.7799988,200.8699951,-18.910003699999976,-8.604060334538493,258.9700012
Brazil,2002,3,2004,False,False,False,37.34000015,42.5,5.159999849999998,13.818960442612633,328.5499878
Brazil,2005,3,2007,True,True,True,42.5,40.06000137,-2.439998629999998,-5.741173247058819,387.4899902
Brazil,2009,3,2011,False,False,True,58.68000031,52.43999863,-6.240001679999999,-10.633949637073544,463.1799927
Brazil,2011,3,2013,False,False,False,63.86999893,116.8399963,52.969997369999994,82.9340821315088,515.7999878
Brazil,2016,3,2018,False,False,True,135.1799927,90.43000031,-44.74999239000002,-33.104005627010224,581.2199707
Brazil,2018,3,2020,False,False,True,106.5599976,91.79000092,-14.769996680000006,-13.860732932298795,589.3200073
Brazil,2020,3,2022,False,False,True,101.7600021,68.70999908,-33.05000301999999,-32.478382800662295,633.3300171
Brazil,2022,3,2024,False,False,True,133.8300018,78.68000031,-55.150001489999994,-41.2089970471778,656.4000244
Canada,2002,3,2004,False,False,True,170.0599976,159.5899963,-10.470001300000007,-6.156651445230885,587.7600098
Canada,2004,3,2006,False,True,True,167.6300049,146.8300018,-20.800003099999998,-12.408281627390204,588.2700195
Canada,2008,3,2010,False,False,True,161.7100067,146.3300018,-15.380004900000017,-9.510855397175625,634.1900024
Canada,2012,3,2014,False,False,True,148.6399994,139.1900024,-9.449996999999996,-6.35764063384408,638.2700195
Canada,2015,3,2017,True,True,True,139.1900024,128.1900024,-11.0,-7.902866448977085,652.9699707
Canada,2020,3,2022,False,False,True,126.5,124.9800034,-1.519996599999999,-1.2015783399209479,655.7000122
Canada,2022,3,2024,False,False,False,125.0299988,142.0399933,17.00999449999999,13.604730595262543,652.4000244
China,2015,3,2017,False,False,False,4372.0,4689.279785,317.2797849999997,7.257085658737414,5794.450195
France,2001,3,2003,False,False,False,49.56999969,56.59000015,7.0200004599999986,14.161792422637795,532.5599976
France,2004,3,2006,False,False,True,56.59000015,56.20000076,-0.38999938999999983,-0.6891666177173527,559.1300049
France,2006,3,2008,False,False,True,62.63000107,55.20000076,-7.430000309999997,-11.8633245777781,569.1400146
France,2008,3,2010,False,False,True,57.81000137,57.15999985,-0.6500015200000036,-1.124375548514199,561.8400269
France,2012,3,2014,False,True,True,59.24000168,35.79999924,-23.44000244,-39.5678625510802,567.6500244
France,2018,3,2020,False,False,True,65.47000122,48.38999939,-17.08000183,-26.088287019585916,555.7399902
France,2020,3,2022,False,False,False,53.61000061,60.34999847,6.739997860000003,12.572277155958053,565.5200195
Germany,2004,3,2006,False,False,False,390.2999878,390.3699951,0.07000729999998612,0.017936792771784484,602.0300293
Germany,2008,3,2010,False,False,True,401.1300049,378.2399902,-22.890014699999995,-5.706383072915818,631.0999756
Germany,2011,3,2013,False,False,False,378.2399902,380.4500122,2.210021999999981,0.5842909415346058,624.210022
Germany,2014,3,2016,False,False,True,380.4500122,367.7600098,-12.690002400000026,-3.335524245778964,629.6900024
Germany,2017,3,2019,True,True,True,367.7600098,283.8500061,-83.9100037,-22.81651116597289,641.5200195
India,2019,3,2021,False,False,False,1276.52002,1319.349976,42.82995600000004,3.355212243361451,1571.650024
Indonesia,2020,3,2022,False,False,False,247.3999939,268.1300049,20.73001100000002,8.379147740957167,295.4400024
Italy,2001,3,2003,False,False,False,219.0700073,239.4100037,20.339996400000018,9.284701566721507,269.9400024
Italy,2008,3,2010,False,False,True,258.4500122,219.6600037,-38.7900085,-15.008708326151124,306.1700134
Italy,2011,3,2013,True,True,True,219.6600037,174.0200043,-45.639999399999994,-20.777564705103387,296.6300049
Italy,2018,3,2020,False,False,True,188.1999969,159.9100037,-28.289993199999998,-15.031877612108504,292.0899963
Italy,2020,3,2022,False,False,False,174.1600037,179.7100067,5.550003000000004,3.186726505564494,289.9899902
Japan,2004,3,2006,False,False,True,750.3800049,745.5900269,-4.789978000000019,-0.6383403034091186,1092.589966
Japan,2006,3,2008,False,False,False,757.2399902,829.9799805,72.73999030000004,9.605936194783926,1153.069946
Japan,2013,3,2015,True,True,True,977.5599976,871.5800171,-105.97998050000001,-10.841276316562734,1106.880005
Japan,2017,3,2019,True,True,True,894.25,805.3499756,-88.9000244,-9.941294313670674,1063.699951
Mexico,2008,3,2010,False,False,False,216.9900055,223.2200012,6.229995700000018,2.8710979962623293,263.2600098
Mexico,2014,3,2016,False,False,False,245.1999969,260.7999878,15.599990899999995,6.362149713387698,297.1199951
Mexico,2019,3,2021,True,True,True,280.5,234.5800018,-45.91999820000001,-16.37076584670232,349.2900085
Russia,2001,3,2003,False,False,False,582.8900146,609.9000244,27.010009800000034,4.633808973127678,877.7600098
Russia,2009,3,2011,False,False,False,711.6400146,718.2999878,6.659973200000081,0.9358626641790979,1040.0
Russia,2013,3,2015,False,False,True,727.7800293,703.1199951,-24.66003420000004,-3.3883911631538965,1069.27002
Russia,2017,3,2019,False,False,False,708.6799927,712.9500122,4.270019499999989,0.6025314026055176,1090.969971
Russia,2020,3,2022,False,False,False,712.9500122,738.1300049,25.17999270000007,3.5318033900161385,1118.160034
Saudi Arabia,2018,3,2020,False,False,True,394.9200134,379.980011,-14.940002400000026,-3.7830451466301973,394.9899902
South Africa,2009,3,2011,False,False,False,243.5299988,246.0500031,2.5200043000000107,1.0347818800219248,258.2900085
South Africa,2013,3,2015,True,True,True,243.3899994,231.2899933,-12.100006100000002,-4.971447524478691,257.8699951
South Africa,2019,3,2021,True,True,True,232.2400055,214.1900024,-18.050003099999998,-7.772133427718162,256.2999878
South Korea,2014,3,2016,False,False,True,388.1499939,380.8599854,-7.290008499999999,-1.8781421137618621,537.1599731
South Korea,2019,3,2021,False,False,True,431.6000061,401.6499939,-29.950012199999946,-6.939298372730016,592.9099731
South Korea,2022,3,2024,True,True,True,401.6499939,375.9100037,-25.739990200000022,-6.408562328127056,607.7600098
Türkiye,2002,3,2004,False,False,False,97.90000153,103.4400024,5.54000087,5.6588363467005145,122.2399979
Türkiye,2004,3,2006,False,False,False,103.9800034,131.7299957,27.749992299999988,26.687816303725942,139.5399933
Türkiye,2009,3,2011,False,False,False,163.9499969,171.3000031,7.350006199999996,4.483077974367437,198.3699951
Türkiye,2013,3,2015,False,False,False,174.2799988,178.1199951,3.839996300000024,2.203348821689356,239.4900055
Türkiye,2015,3,2017,False,False,False,199.3300018,210.0500031,10.720001300000007,5.37801695840852,251.9499969
Türkiye,2018,3,2020,False,False,True,210.0500031,174.6699982,-35.38000489999999,-16.84361074879698,297.2900085
Türkiye,2022,3,2024,False,False,True,211.8099976,185.5800018,-26.22999580000001,-12.383738301878914,327.8800049
United Kingdom,2009,3,2011,False,False,True,314.5299988,263.7900085,-50.73999029999999,-16.13200346344833,388.9599915
United Kingdom,2011,3,2013,True,True,True,293.7399902,234.4600067,-59.279983500000014,-20.181107604598814,382.0599976
United Kingdom,2017,3,2019,True,True,True,184.4400024,151.2700043,-33.16999809999999,-17.984167029050084,339.1799927
United States,2006,3,2008,False,False,False,2899.959961,2924.209961,24.25,0.8362184418448941,4034.98999
United States,2008,3,2010,False,False,True,2988.23999,2882.48999,-105.75,-3.5388723915712004,4142.569824
United States,2011,3,2013,False,True,True,2882.48999,2746.209961,-136.280029,-4.727857840713612,4113.939941
United States,2013,3,2015,False,False,True,2779.02002,2730.320068,-48.69995199999994,-1.7524145795826236,4040.669922
United States,2015,3,2017,True,True,True,2752.01001,2540.169922,-211.84008799999992,-7.697649617197429,4096.009766
United States,2019,3,2021,False,False,True,2661.300049,2512.389893,-148.91015599999992,-5.595391472523131,4201.549805
