horizon,measure,events,n,estimate_pct,bootstrap_low,bootstrap_high,loco_low,loco_high
2,joint_continuity,37,86,43.02325581395349,33.84615384615385,52.94117647058824,40.963855421686745,45.67901234567901
2,fossil_continuity,42,86,48.83720930232558,39.4727575982209,57.77777777777777,46.98795180722892,51.85185185185185
2,endpoint_retention,62,86,72.09302325581395,62.88659793814433,80.64516129032258,70.0,74.07407407407408
2,fossil_minus_joint,5,86,5.813953488372093,2.17332865825152,9.434599694033603,4.938271604938271,6.41025641025641
2,endpoint_minus_joint,25,86,29.069767441860463,20.77922077922078,36.03603603603604,26.923076923076923,30.864197530864196
2,endpoint_minus_fossil,20,86,23.25581395348837,16.666666666666664,28.888888888888886,21.794871794871796,24.691358024691358
2,retention_given_joint_failure,25,49,51.02040816326531,38.46153846153847,62.5,48.837209302325576,53.191489361702125
3,joint_continuity,14,80,17.5,10.089449541284406,26.923076923076923,15.584415584415584,19.17808219178082
3,fossil_continuity,19,80,23.75,15.853658536585366,32.857142857142854,22.07792207792208,26.027397260273972
3,endpoint_retention,51,80,63.75,51.470588235294116,74.28667953667946,61.64383561643836,67.12328767123287
3,fossil_minus_joint,5,80,6.25,2.1505376344086025,10.416666666666668,5.333333333333334,6.944444444444445
3,endpoint_minus_joint,37,80,46.25,34.285714285714285,56.25,43.83561643835616,48.05194805194805
3,endpoint_minus_fossil,32,80,40.0,30.263157894736842,48.10126582278481,37.5,41.55844155844156
3,retention_given_joint_failure,37,66,56.06060606060606,42.3728813559322,67.74193548387096,53.333333333333336,59.32203389830508
