specification,specification_key,country,iso_code,state,start_year,end_year,duration_years
Primary sign-based,primary,Argentina,ARG,Additive expansion,2000,2000,1
Primary sign-based,primary,Argentina,ARG,Fossil displacement,2001,2001,1
Primary sign-based,primary,Argentina,ARG,Joint contraction,2002,2002,1
Primary sign-based,primary,Argentina,ARG,Fossil resurgence,2003,2004,2
Primary sign-based,primary,Argentina,ARG,Additive expansion,2005,2006,2
Primary sign-based,primary,Argentina,ARG,Fossil resurgence,2007,2007,1
Primary sign-based,primary,Argentina,ARG,Additive expansion,2008,2008,1
Primary sign-based,primary,Argentina,ARG,Fossil displacement,2009,2009,1
Primary sign-based,primary,Argentina,ARG,Fossil resurgence,2010,2012,3
Primary sign-based,primary,Argentina,ARG,Fossil displacement,2013,2013,1
Primary sign-based,primary,Argentina,ARG,Fossil resurgence,2014,2016,3
Primary sign-based,primary,Argentina,ARG,Fossil displacement,2017,2018,2
Primary sign-based,primary,Argentina,ARG,Joint contraction,2019,2019,1
Primary sign-based,primary,Argentina,ARG,Additive expansion,2020,2021,2
Primary sign-based,primary,Argentina,ARG,Fossil displacement,2022,2023,2
Primary sign-based,primary,Argentina,ARG,Additive expansion,2024,2024,1
Primary sign-based,primary,Australia,AUS,Additive expansion,2000,2000,1
Primary sign-based,primary,Australia,AUS,Fossil resurgence,2001,2001,1
Primary sign-based,primary,Australia,AUS,Fossil displacement,2002,2002,1
Primary sign-based,primary,Australia,AUS,Additive expansion,2003,2006,4
Primary sign-based,primary,Australia,AUS,Fossil resurgence,2007,2008,2
Primary sign-based,primary,Australia,AUS,Additive expansion,2009,2009,1
Primary sign-based,primary,Australia,AUS,Fossil displacement,2010,2011,2
Primary sign-based,primary,Australia,AUS,Joint contraction,2012,2012,1
Primary sign-based,primary,Australia,AUS,Fossil displacement,2013,2013,1
Primary sign-based,primary,Australia,AUS,Fossil resurgence,2014,2014,1
Primary sign-based,primary,Australia,AUS,Additive expansion,2015,2015,1
Primary sign-based,primary,Australia,AUS,Fossil displacement,2016,2016,1
Primary sign-based,primary,Australia,AUS,Fossil resurgence,2017,2017,1
Primary sign-based,primary,Australia,AUS,Fossil displacement,2018,2023,6
Primary sign-based,primary,Australia,AUS,Additive expansion,2024,2024,1
Primary sign-based,primary,Brazil,BRA,Additive expansion,2000,2000,1
Primary sign-based,primary,Brazil,BRA,Fossil resurgence,2001,2001,1
Primary sign-based,primary,Brazil,BRA,Fossil displacement,2002,2003,2
Primary sign-based,primary,Brazil,BRA,Additive expansion,2004,2004,1
Primary sign-based,primary,Brazil,BRA,Fossil displacement,2005,2007,3
Primary sign-based,primary,Brazil,BRA,Fossil resurgence,2008,2008,1
Primary sign-based,primary,Brazil,BRA,Fossil displacement,2009,2009,1
Primary sign-based,primary,Brazil,BRA,Additive expansion,2010,2010,1
Primary sign-based,primary,Brazil,BRA,Fossil displacement,2011,2011,1
Primary sign-based,primary,Brazil,BRA,Fossil resurgence,2012,2014,3
Primary sign-based,primary,Brazil,BRA,Joint contraction,2015,2015,1
Primary sign-based,primary,Brazil,BRA,Fossil displacement,2016,2016,1
Primary sign-based,primary,Brazil,BRA,Additive expansion,2017,2017,1
Primary sign-based,primary,Brazil,BRA,Fossil displacement,2018,2018,1
Primary sign-based,primary,Brazil,BRA,Additive expansion,2019,2019,1
Primary sign-based,primary,Brazil,BRA,Fossil displacement,2020,2020,1
Primary sign-based,primary,Brazil,BRA,Fossil resurgence,2021,2021,1
Primary sign-based,primary,Brazil,BRA,Fossil displacement,2022,2023,2
Primary sign-based,primary,Brazil,BRA,Additive expansion,2024,2024,1
Primary sign-based,primary,Canada,CAN,Additive expansion,2000,2000,1
Primary sign-based,primary,Canada,CAN,Fossil resurgence,2001,2001,1
Primary sign-based,primary,Canada,CAN,Fossil displacement,2002,2002,1
Primary sign-based,primary,Canada,CAN,Fossil resurgence,2003,2003,1
Primary sign-based,primary,Canada,CAN,Fossil displacement,2004,2005,2
Primary sign-based,primary,Canada,CAN,Joint contraction,2006,2006,1
Primary sign-based,primary,Canada,CAN,Additive expansion,2007,2007,1
Primary sign-based,primary,Canada,CAN,Fossil displacement,2008,2008,1
Primary sign-based,primary,Canada,CAN,Joint contraction,2009,2009,1
Primary sign-based,primary,Canada,CAN,Fossil resurgence,2010,2010,1
Primary sign-based,primary,Canada,CAN,Additive expansion,2011,2011,1
Primary sign-based,primary,Canada,CAN,Fossil displacement,2012,2013,2
Primary sign-based,primary,Canada,CAN,Fossil resurgence,2014,2014,1
Primary sign-based,primary,Canada,CAN,Fossil displacement,2015,2017,3
Primary sign-based,primary,Canada,CAN,Joint contraction,2018,2019,2
Primary sign-based,primary,Canada,CAN,Fossil displacement,2020,2020,1
Primary sign-based,primary,Canada,CAN,Fossil resurgence,2021,2021,1
Primary sign-based,primary,Canada,CAN,Fossil displacement,2022,2022,1
Primary sign-based,primary,Canada,CAN,Fossil resurgence,2023,2024,2
Primary sign-based,primary,China,CHN,Additive expansion,2000,2002,3
Primary sign-based,primary,China,CHN,Fossil resurgence,2003,2003,1
Primary sign-based,primary,China,CHN,Additive expansion,2004,2008,5
Primary sign-based,primary,China,CHN,Fossil resurgence,2009,2009,1
Primary sign-based,primary,China,CHN,Additive expansion,2010,2014,5
Primary sign-based,primary,China,CHN,Fossil displacement,2015,2015,1
Primary sign-based,primary,China,CHN,Additive expansion,2016,2024,9
Primary sign-based,primary,Germany,DEU,Additive expansion,2000,2003,4
Primary sign-based,primary,Germany,DEU,Fossil displacement,2004,2004,1
Primary sign-based,primary,Germany,DEU,Additive expansion,2005,2007,3
Primary sign-based,primary,Germany,DEU,Fossil displacement,2008,2009,2
Primary sign-based,primary,Germany,DEU,Additive expansion,2010,2010,1
Primary sign-based,primary,Germany,DEU,Fossil displacement,2011,2011,1
Primary sign-based,primary,Germany,DEU,Additive expansion,2012,2013,2
Primary sign-based,primary,Germany,DEU,Fossil displacement,2014,2015,2
Primary sign-based,primary,Germany,DEU,Additive expansion,2016,2016,1
Primary sign-based,primary,Germany,DEU,Fossil displacement,2017,2020,4
Primary sign-based,primary,Germany,DEU,Fossil resurgence,2021,2021,1
Primary sign-based,primary,Germany,DEU,Additive expansion,2022,2022,1
Primary sign-based,primary,Germany,DEU,Fossil displacement,2023,2024,2
Primary sign-based,primary,France,FRA,Joint contraction,2000,2000,1
Primary sign-based,primary,France,FRA,Fossil displacement,2001,2001,1
Primary sign-based,primary,France,FRA,Fossil resurgence,2002,2003,2
Primary sign-based,primary,France,FRA,Fossil displacement,2004,2004,1
Primary sign-based,primary,France,FRA,Fossil resurgence,2005,2005,1
Primary sign-based,primary,France,FRA,Fossil displacement,2006,2006,1
Primary sign-based,primary,France,FRA,Additive expansion,2007,2007,1
Primary sign-based,primary,France,FRA,Fossil displacement,2008,2008,1
Primary sign-based,primary,France,FRA,Joint contraction,2009,2009,1
Primary sign-based,primary,France,FRA,Additive expansion,2010,2010,1
Primary sign-based,primary,France,FRA,Fossil resurgence,2011,2011,1
Primary sign-based,primary,France,FRA,Fossil displacement,2012,2013,2
Primary sign-based,primary,France,FRA,Joint contraction,2014,2014,1
Primary sign-based,primary,France,FRA,Fossil resurgence,2015,2015,1
Primary sign-based,primary,France,FRA,Additive expansion,2016,2016,1
Primary sign-based,primary,France,FRA,Fossil resurgence,2017,2017,1
Primary sign-based,primary,France,FRA,Fossil displacement,2018,2018,1
Primary sign-based,primary,France,FRA,Fossil resurgence,2019,2019,1
Primary sign-based,primary,France,FRA,Fossil displacement,2020,2020,1
Primary sign-based,primary,France,FRA,Fossil resurgence,2021,2022,2
Primary sign-based,primary,France,FRA,Fossil displacement,2023,2024,2
Primary sign-based,primary,United Kingdom,GBR,Additive expansion,2000,2000,1
Primary sign-based,primary,United Kingdom,GBR,Fossil resurgence,2001,2001,1
Primary sign-based,primary,United Kingdom,GBR,Additive expansion,2002,2002,1
Primary sign-based,primary,United Kingdom,GBR,Fossil resurgence,2003,2003,1
Primary sign-based,primary,United Kingdom,GBR,Additive expansion,2004,2008,5
Primary sign-based,primary,United Kingdom,GBR,Fossil displacement,2009,2009,1
Primary sign-based,primary,United Kingdom,GBR,Additive expansion,2010,2010,1
Primary sign-based,primary,United Kingdom,GBR,Fossil displacement,2011,2015,5
Primary sign-based,primary,United Kingdom,GBR,Joint contraction,2016,2016,1
Primary sign-based,primary,United Kingdom,GBR,Fossil displacement,2017,2020,4
Primary sign-based,primary,United Kingdom,GBR,Fossil resurgence,2021,2021,1
Primary sign-based,primary,United Kingdom,GBR,Additive expansion,2022,2022,1
Primary sign-based,primary,United Kingdom,GBR,Fossil displacement,2023,2024,2
Primary sign-based,primary,Indonesia,IDN,Additive expansion,2000,2001,2
Primary sign-based,primary,Indonesia,IDN,Fossil resurgence,2002,2003,2
Primary sign-based,primary,Indonesia,IDN,Additive expansion,2004,2005,2
Primary sign-based,primary,Indonesia,IDN,Fossil resurgence,2006,2006,1
Primary sign-based,primary,Indonesia,IDN,Additive expansion,2007,2010,4
Primary sign-based,primary,Indonesia,IDN,Fossil resurgence,2011,2011,1
Primary sign-based,primary,Indonesia,IDN,Additive expansion,2012,2013,2
Primary sign-based,primary,Indonesia,IDN,Fossil resurgence,2014,2015,2
Primary sign-based,primary,Indonesia,IDN,Additive expansion,2016,2018,3
Primary sign-based,primary,Indonesia,IDN,Fossil resurgence,2019,2019,1
Primary sign-based,primary,Indonesia,IDN,Fossil displacement,2020,2020,1
Primary sign-based,primary,Indonesia,IDN,Additive expansion,2021,2022,2
Primary sign-based,primary,Indonesia,IDN,Fossil resurgence,2023,2023,1
Primary sign-based,primary,Indonesia,IDN,Additive expansion,2024,2024,1
Primary sign-based,primary,India,IND,Fossil resurgence,2000,2002,3
Primary sign-based,primary,India,IND,Additive expansion,2003,2004,2
Primary sign-based,primary,India,IND,Fossil resurgence,2005,2005,1
Primary sign-based,primary,India,IND,Additive expansion,2006,2007,2
Primary sign-based,primary,India,IND,Fossil resurgence,2008,2009,2
Primary sign-based,primary,India,IND,Additive expansion,2010,2011,2
Primary sign-based,primary,India,IND,Fossil resurgence,2012,2012,1
Primary sign-based,primary,India,IND,Additive expansion,2013,2014,2
Primary sign-based,primary,India,IND,Fossil resurgence,2015,2015,1
Primary sign-based,primary,India,IND,Additive expansion,2016,2018,3
Primary sign-based,primary,India,IND,Fossil displacement,2019,2020,2
Primary sign-based,primary,India,IND,Additive expansion,2021,2024,4
Primary sign-based,primary,Italy,ITA,Fossil resurgence,2000,2000,1
Primary sign-based,primary,Italy,ITA,Fossil displacement,2001,2001,1
Primary sign-based,primary,Italy,ITA,Fossil resurgence,2002,2003,2
Primary sign-based,primary,Italy,ITA,Additive expansion,2004,2004,1
Primary sign-based,primary,Italy,ITA,Fossil resurgence,2005,2005,1
Primary sign-based,primary,Italy,ITA,Additive expansion,2006,2006,1
Primary sign-based,primary,Italy,ITA,Fossil resurgence,2007,2007,1
Primary sign-based,primary,Italy,ITA,Fossil displacement,2008,2009,2
Primary sign-based,primary,Italy,ITA,Additive expansion,2010,2010,1
Primary sign-based,primary,Italy,ITA,Fossil displacement,2011,2014,4
Primary sign-based,primary,Italy,ITA,Fossil resurgence,2015,2017,3
Primary sign-based,primary,Italy,ITA,Fossil displacement,2018,2018,1
Primary sign-based,primary,Italy,ITA,Additive expansion,2019,2019,1
Primary sign-based,primary,Italy,ITA,Fossil displacement,2020,2020,1
Primary sign-based,primary,Italy,ITA,Fossil resurgence,2021,2022,2
Primary sign-based,primary,Italy,ITA,Fossil displacement,2023,2024,2
Primary sign-based,primary,Japan,JPN,Additive expansion,2000,2000,1
Primary sign-based,primary,Japan,JPN,Joint contraction,2001,2001,1
Primary sign-based,primary,Japan,JPN,Additive expansion,2002,2003,2
Primary sign-based,primary,Japan,JPN,Fossil displacement,2004,2004,1
Primary sign-based,primary,Japan,JPN,Fossil resurgence,2005,2005,1
Primary sign-based,primary,Japan,JPN,Fossil displacement,2006,2006,1
Primary sign-based,primary,Japan,JPN,Fossil resurgence,2007,2007,1
Primary sign-based,primary,Japan,JPN,Additive expansion,2008,2008,1
Primary sign-based,primary,Japan,JPN,Joint contraction,2009,2009,1
Primary sign-based,primary,Japan,JPN,Additive expansion,2010,2010,1
Primary sign-based,primary,Japan,JPN,Fossil resurgence,2011,2012,2
Primary sign-based,primary,Japan,JPN,Fossil displacement,2013,2015,3
Primary sign-based,primary,Japan,JPN,Fossil resurgence,2016,2016,1
Primary sign-based,primary,Japan,JPN,Fossil displacement,2017,2021,5
Primary sign-based,primary,Japan,JPN,Additive expansion,2022,2022,1
Primary sign-based,primary,Japan,JPN,Fossil displacement,2023,2024,2
Primary sign-based,primary,South Korea,KOR,Fossil resurgence,2000,2001,2
Primary sign-based,primary,South Korea,KOR,Additive expansion,2002,2003,2
Primary sign-based,primary,South Korea,KOR,Fossil resurgence,2004,2006,3
Primary sign-based,primary,South Korea,KOR,Additive expansion,2007,2007,1
Primary sign-based,primary,South Korea,KOR,Fossil resurgence,2008,2008,1
Primary sign-based,primary,South Korea,KOR,Additive expansion,2009,2013,5
Primary sign-based,primary,South Korea,KOR,Fossil displacement,2014,2015,2
Primary sign-based,primary,South Korea,KOR,Additive expansion,2016,2018,3
Primary sign-based,primary,South Korea,KOR,Fossil displacement,2019,2020,2
Primary sign-based,primary,South Korea,KOR,Additive expansion,2021,2021,1
Primary sign-based,primary,South Korea,KOR,Fossil displacement,2022,2024,3
Primary sign-based,primary,Mexico,MEX,Additive expansion,2000,2000,1
Primary sign-based,primary,Mexico,MEX,Fossil resurgence,2001,2003,3
Primary sign-based,primary,Mexico,MEX,Additive expansion,2004,2006,3
Primary sign-based,primary,Mexico,MEX,Fossil resurgence,2007,2007,1
Primary sign-based,primary,Mexico,MEX,Fossil displacement,2008,2008,1
Primary sign-based,primary,Mexico,MEX,Fossil resurgence,2009,2009,1
Primary sign-based,primary,Mexico,MEX,Additive expansion,2010,2010,1
Primary sign-based,primary,Mexico,MEX,Fossil resurgence,2011,2013,3
Primary sign-based,primary,Mexico,MEX,Fossil displacement,2014,2014,1
Primary sign-based,primary,Mexico,MEX,Fossil resurgence,2015,2015,1
Primary sign-based,primary,Mexico,MEX,Additive expansion,2016,2018,3
Primary sign-based,primary,Mexico,MEX,Fossil displacement,2019,2021,3
Primary sign-based,primary,Mexico,MEX,Additive expansion,2022,2022,1
Primary sign-based,primary,Mexico,MEX,Fossil resurgence,2023,2023,1
Primary sign-based,primary,Mexico,MEX,Fossil displacement,2024,2024,1
Primary sign-based,primary,Russia,RUS,Additive expansion,2000,2000,1
Primary sign-based,primary,Russia,RUS,Fossil displacement,2001,2001,1
Primary sign-based,primary,Russia,RUS,Fossil resurgence,2002,2003,2
Primary sign-based,primary,Russia,RUS,Additive expansion,2004,2004,1
Primary sign-based,primary,Russia,RUS,Fossil resurgence,2005,2005,1
Primary sign-based,primary,Russia,RUS,Additive expansion,2006,2007,2
Primary sign-based,primary,Russia,RUS,Fossil resurgence,2008,2008,1
Primary sign-based,primary,Russia,RUS,Fossil displacement,2009,2009,1
Primary sign-based,primary,Russia,RUS,Fossil resurgence,2010,2011,2
Primary sign-based,primary,Russia,RUS,Additive expansion,2012,2012,1
Primary sign-based,primary,Russia,RUS,Fossil displacement,2013,2013,1
Primary sign-based,primary,Russia,RUS,Fossil resurgence,2014,2014,1
Primary sign-based,primary,Russia,RUS,Joint contraction,2015,2015,1
Primary sign-based,primary,Russia,RUS,Additive expansion,2016,2016,1
Primary sign-based,primary,Russia,RUS,Fossil displacement,2017,2017,1
Primary sign-based,primary,Russia,RUS,Additive expansion,2018,2019,2
Primary sign-based,primary,Russia,RUS,Fossil displacement,2020,2020,1
Primary sign-based,primary,Russia,RUS,Additive expansion,2021,2021,1
Primary sign-based,primary,Russia,RUS,Fossil resurgence,2022,2022,1
Primary sign-based,primary,Russia,RUS,Additive expansion,2023,2024,2
Primary sign-based,primary,Saudi Arabia,SAU,Additive expansion,2011,2014,4
Primary sign-based,primary,Saudi Arabia,SAU,Additive expansion,2017,2017,1
Primary sign-based,primary,Saudi Arabia,SAU,Fossil displacement,2018,2018,1
Primary sign-based,primary,Saudi Arabia,SAU,Additive expansion,2019,2024,6
Primary sign-based,primary,Türkiye,TUR,Fossil resurgence,2000,2001,2
Primary sign-based,primary,Türkiye,TUR,Fossil displacement,2002,2002,1
Primary sign-based,primary,Türkiye,TUR,Additive expansion,2003,2003,1
Primary sign-based,primary,Türkiye,TUR,Fossil displacement,2004,2004,1
Primary sign-based,primary,Türkiye,TUR,Fossil resurgence,2005,2005,1
Primary sign-based,primary,Türkiye,TUR,Additive expansion,2006,2006,1
Primary sign-based,primary,Türkiye,TUR,Fossil resurgence,2007,2008,2
Primary sign-based,primary,Türkiye,TUR,Fossil displacement,2009,2010,2
Primary sign-based,primary,Türkiye,TUR,Additive expansion,2011,2012,2
Primary sign-based,primary,Türkiye,TUR,Fossil displacement,2013,2013,1
Primary sign-based,primary,Türkiye,TUR,Fossil resurgence,2014,2014,1
Primary sign-based,primary,Türkiye,TUR,Fossil displacement,2015,2015,1
Primary sign-based,primary,Türkiye,TUR,Additive expansion,2016,2016,1
Primary sign-based,primary,Türkiye,TUR,Fossil resurgence,2017,2017,1
Primary sign-based,primary,Türkiye,TUR,Fossil displacement,2018,2019,2
Primary sign-based,primary,Türkiye,TUR,Fossil resurgence,2020,2021,2
Primary sign-based,primary,Türkiye,TUR,Fossil displacement,2022,2022,1
Primary sign-based,primary,Türkiye,TUR,Joint contraction,2023,2023,1
Primary sign-based,primary,Türkiye,TUR,Additive expansion,2024,2024,1
Primary sign-based,primary,United States,USA,Joint contraction,2000,2001,2
Primary sign-based,primary,United States,USA,Additive expansion,2002,2003,2
Primary sign-based,primary,United States,USA,Fossil resurgence,2004,2004,1
Primary sign-based,primary,United States,USA,Additive expansion,2005,2005,1
Primary sign-based,primary,United States,USA,Fossil displacement,2006,2006,1
Primary sign-based,primary,United States,USA,Fossil resurgence,2007,2007,1
Primary sign-based,primary,United States,USA,Fossil displacement,2008,2009,2
Primary sign-based,primary,United States,USA,Additive expansion,2010,2010,1
Primary sign-based,primary,United States,USA,Fossil displacement,2011,2011,1
Primary sign-based,primary,United States,USA,Joint contraction,2012,2012,1
Primary sign-based,primary,United States,USA,Fossil displacement,2013,2013,1
Primary sign-based,primary,United States,USA,Additive expansion,2014,2014,1
Primary sign-based,primary,United States,USA,Fossil displacement,2015,2017,3
Primary sign-based,primary,United States,USA,Additive expansion,2018,2018,1
Primary sign-based,primary,United States,USA,Fossil displacement,2019,2020,2
Primary sign-based,primary,United States,USA,Additive expansion,2021,2022,2
Primary sign-based,primary,United States,USA,Fossil displacement,2023,2023,1
Primary sign-based,primary,United States,USA,Additive expansion,2024,2024,1
Primary sign-based,primary,South Africa,ZAF,Additive expansion,2000,2002,3
Primary sign-based,primary,South Africa,ZAF,Fossil resurgence,2003,2003,1
Primary sign-based,primary,South Africa,ZAF,Additive expansion,2004,2006,3
Primary sign-based,primary,South Africa,ZAF,Fossil resurgence,2007,2007,1
Primary sign-based,primary,South Africa,ZAF,Joint contraction,2008,2008,1
Primary sign-based,primary,South Africa,ZAF,Fossil displacement,2009,2009,1
Primary sign-based,primary,South Africa,ZAF,Fossil resurgence,2010,2010,1
Primary sign-based,primary,South Africa,ZAF,Additive expansion,2011,2011,1
Primary sign-based,primary,South Africa,ZAF,Joint contraction,2012,2012,1
Primary sign-based,primary,South Africa,ZAF,Fossil displacement,2013,2017,5
Primary sign-based,primary,South Africa,ZAF,Additive expansion,2018,2018,1
Primary sign-based,primary,South Africa,ZAF,Fossil displacement,2019,2023,5
Primary sign-based,primary,South Africa,ZAF,Additive expansion,2024,2024,1
0.10% material-change threshold,threshold_010,Argentina,ARG,Additive expansion,2000,2000,1
0.10% material-change threshold,threshold_010,Argentina,ARG,Fossil displacement,2001,2001,1
0.10% material-change threshold,threshold_010,Argentina,ARG,Joint contraction,2002,2002,1
0.10% material-change threshold,threshold_010,Argentina,ARG,Fossil resurgence,2003,2004,2
0.10% material-change threshold,threshold_010,Argentina,ARG,Additive expansion,2005,2006,2
0.10% material-change threshold,threshold_010,Argentina,ARG,Fossil resurgence,2007,2007,1
0.10% material-change threshold,threshold_010,Argentina,ARG,Fossil displacement,2009,2009,1
0.10% material-change threshold,threshold_010,Argentina,ARG,Fossil resurgence,2010,2012,3
0.10% material-change threshold,threshold_010,Argentina,ARG,Fossil displacement,2013,2013,1
0.10% material-change threshold,threshold_010,Argentina,ARG,Fossil resurgence,2016,2016,1
0.10% material-change threshold,threshold_010,Argentina,ARG,Fossil displacement,2017,2018,2
0.10% material-change threshold,threshold_010,Argentina,ARG,Joint contraction,2019,2019,1
0.10% material-change threshold,threshold_010,Argentina,ARG,Additive expansion,2020,2021,2
0.10% material-change threshold,threshold_010,Argentina,ARG,Fossil displacement,2022,2023,2
0.10% material-change threshold,threshold_010,Argentina,ARG,Additive expansion,2024,2024,1
0.10% material-change threshold,threshold_010,Australia,AUS,Fossil resurgence,2001,2001,1
0.10% material-change threshold,threshold_010,Australia,AUS,Fossil displacement,2002,2002,1
0.10% material-change threshold,threshold_010,Australia,AUS,Additive expansion,2003,2004,2
0.10% material-change threshold,threshold_010,Australia,AUS,Additive expansion,2006,2006,1
0.10% material-change threshold,threshold_010,Australia,AUS,Fossil resurgence,2007,2008,2
0.10% material-change threshold,threshold_010,Australia,AUS,Additive expansion,2009,2009,1
0.10% material-change threshold,threshold_010,Australia,AUS,Fossil displacement,2010,2011,2
0.10% material-change threshold,threshold_010,Australia,AUS,Joint contraction,2012,2012,1
0.10% material-change threshold,threshold_010,Australia,AUS,Fossil displacement,2013,2013,1
0.10% material-change threshold,threshold_010,Australia,AUS,Fossil resurgence,2014,2014,1
0.10% material-change threshold,threshold_010,Australia,AUS,Additive expansion,2015,2015,1
0.10% material-change threshold,threshold_010,Australia,AUS,Fossil displacement,2016,2016,1
0.10% material-change threshold,threshold_010,Australia,AUS,Fossil resurgence,2017,2017,1
0.10% material-change threshold,threshold_010,Australia,AUS,Fossil displacement,2018,2023,6
0.10% material-change threshold,threshold_010,Australia,AUS,Additive expansion,2024,2024,1
0.10% material-change threshold,threshold_010,Brazil,BRA,Additive expansion,2000,2000,1
0.10% material-change threshold,threshold_010,Brazil,BRA,Fossil resurgence,2001,2001,1
0.10% material-change threshold,threshold_010,Brazil,BRA,Fossil displacement,2002,2003,2
0.10% material-change threshold,threshold_010,Brazil,BRA,Additive expansion,2004,2004,1
0.10% material-change threshold,threshold_010,Brazil,BRA,Fossil displacement,2005,2005,1
0.10% material-change threshold,threshold_010,Brazil,BRA,Fossil displacement,2007,2007,1
0.10% material-change threshold,threshold_010,Brazil,BRA,Fossil resurgence,2008,2008,1
0.10% material-change threshold,threshold_010,Brazil,BRA,Fossil displacement,2009,2009,1
0.10% material-change threshold,threshold_010,Brazil,BRA,Additive expansion,2010,2010,1
0.10% material-change threshold,threshold_010,Brazil,BRA,Fossil displacement,2011,2011,1
0.10% material-change threshold,threshold_010,Brazil,BRA,Fossil resurgence,2012,2014,3
0.10% material-change threshold,threshold_010,Brazil,BRA,Joint contraction,2015,2015,1
0.10% material-change threshold,threshold_010,Brazil,BRA,Fossil displacement,2016,2016,1
0.10% material-change threshold,threshold_010,Brazil,BRA,Additive expansion,2017,2017,1
0.10% material-change threshold,threshold_010,Brazil,BRA,Fossil displacement,2018,2018,1
0.10% material-change threshold,threshold_010,Brazil,BRA,Additive expansion,2019,2019,1
0.10% material-change threshold,threshold_010,Brazil,BRA,Fossil displacement,2020,2020,1
0.10% material-change threshold,threshold_010,Brazil,BRA,Fossil resurgence,2021,2021,1
0.10% material-change threshold,threshold_010,Brazil,BRA,Fossil displacement,2022,2023,2
0.10% material-change threshold,threshold_010,Brazil,BRA,Additive expansion,2024,2024,1
0.10% material-change threshold,threshold_010,Canada,CAN,Additive expansion,2000,2000,1
0.10% material-change threshold,threshold_010,Canada,CAN,Fossil resurgence,2001,2001,1
0.10% material-change threshold,threshold_010,Canada,CAN,Fossil displacement,2002,2002,1
0.10% material-change threshold,threshold_010,Canada,CAN,Fossil resurgence,2003,2003,1
0.10% material-change threshold,threshold_010,Canada,CAN,Fossil displacement,2004,2005,2
0.10% material-change threshold,threshold_010,Canada,CAN,Joint contraction,2006,2006,1
0.10% material-change threshold,threshold_010,Canada,CAN,Additive expansion,2007,2007,1
0.10% material-change threshold,threshold_010,Canada,CAN,Fossil displacement,2008,2008,1
0.10% material-change threshold,threshold_010,Canada,CAN,Joint contraction,2009,2009,1
0.10% material-change threshold,threshold_010,Canada,CAN,Fossil resurgence,2010,2010,1
0.10% material-change threshold,threshold_010,Canada,CAN,Additive expansion,2011,2011,1
0.10% material-change threshold,threshold_010,Canada,CAN,Fossil displacement,2012,2013,2
0.10% material-change threshold,threshold_010,Canada,CAN,Fossil resurgence,2014,2014,1
0.10% material-change threshold,threshold_010,Canada,CAN,Fossil displacement,2015,2017,3
0.10% material-change threshold,threshold_010,Canada,CAN,Joint contraction,2019,2019,1
0.10% material-change threshold,threshold_010,Canada,CAN,Fossil displacement,2020,2020,1
0.10% material-change threshold,threshold_010,Canada,CAN,Fossil resurgence,2021,2021,1
0.10% material-change threshold,threshold_010,Canada,CAN,Fossil resurgence,2023,2024,2
0.10% material-change threshold,threshold_010,China,CHN,Additive expansion,2000,2002,3
0.10% material-change threshold,threshold_010,China,CHN,Fossil resurgence,2003,2003,1
0.10% material-change threshold,threshold_010,China,CHN,Additive expansion,2004,2008,5
0.10% material-change threshold,threshold_010,China,CHN,Additive expansion,2010,2014,5
0.10% material-change threshold,threshold_010,China,CHN,Fossil displacement,2015,2015,1
0.10% material-change threshold,threshold_010,China,CHN,Additive expansion,2016,2024,9
0.10% material-change threshold,threshold_010,Germany,DEU,Additive expansion,2000,2003,4
0.10% material-change threshold,threshold_010,Germany,DEU,Fossil displacement,2004,2004,1
0.10% material-change threshold,threshold_010,Germany,DEU,Additive expansion,2005,2007,3
0.10% material-change threshold,threshold_010,Germany,DEU,Fossil displacement,2008,2009,2
0.10% material-change threshold,threshold_010,Germany,DEU,Additive expansion,2010,2010,1
0.10% material-change threshold,threshold_010,Germany,DEU,Fossil displacement,2011,2011,1
0.10% material-change threshold,threshold_010,Germany,DEU,Additive expansion,2012,2013,2
0.10% material-change threshold,threshold_010,Germany,DEU,Fossil displacement,2014,2014,1
0.10% material-change threshold,threshold_010,Germany,DEU,Additive expansion,2016,2016,1
0.10% material-change threshold,threshold_010,Germany,DEU,Fossil displacement,2017,2020,4
0.10% material-change threshold,threshold_010,Germany,DEU,Fossil resurgence,2021,2021,1
0.10% material-change threshold,threshold_010,Germany,DEU,Additive expansion,2022,2022,1
0.10% material-change threshold,threshold_010,Germany,DEU,Fossil displacement,2023,2024,2
0.10% material-change threshold,threshold_010,France,FRA,Joint contraction,2000,2000,1
0.10% material-change threshold,threshold_010,France,FRA,Fossil displacement,2001,2001,1
0.10% material-change threshold,threshold_010,France,FRA,Fossil resurgence,2002,2003,2
0.10% material-change threshold,threshold_010,France,FRA,Fossil displacement,2004,2004,1
0.10% material-change threshold,threshold_010,France,FRA,Fossil resurgence,2005,2005,1
0.10% material-change threshold,threshold_010,France,FRA,Fossil displacement,2006,2006,1
0.10% material-change threshold,threshold_010,France,FRA,Additive expansion,2007,2007,1
0.10% material-change threshold,threshold_010,France,FRA,Fossil displacement,2008,2008,1
0.10% material-change threshold,threshold_010,France,FRA,Joint contraction,2009,2009,1
0.10% material-change threshold,threshold_010,France,FRA,Additive expansion,2010,2010,1
0.10% material-change threshold,threshold_010,France,FRA,Fossil resurgence,2011,2011,1
0.10% material-change threshold,threshold_010,France,FRA,Fossil displacement,2012,2013,2
0.10% material-change threshold,threshold_010,France,FRA,Joint contraction,2014,2014,1
0.10% material-change threshold,threshold_010,France,FRA,Fossil resurgence,2015,2015,1
0.10% material-change threshold,threshold_010,France,FRA,Additive expansion,2016,2016,1
0.10% material-change threshold,threshold_010,France,FRA,Fossil resurgence,2017,2017,1
0.10% material-change threshold,threshold_010,France,FRA,Fossil displacement,2018,2018,1
0.10% material-change threshold,threshold_010,France,FRA,Fossil resurgence,2019,2019,1
0.10% material-change threshold,threshold_010,France,FRA,Fossil displacement,2020,2020,1
0.10% material-change threshold,threshold_010,France,FRA,Fossil resurgence,2022,2022,1
0.10% material-change threshold,threshold_010,France,FRA,Fossil displacement,2023,2024,2
0.10% material-change threshold,threshold_010,United Kingdom,GBR,Additive expansion,2002,2002,1
0.10% material-change threshold,threshold_010,United Kingdom,GBR,Fossil resurgence,2003,2003,1
0.10% material-change threshold,threshold_010,United Kingdom,GBR,Additive expansion,2004,2004,1
0.10% material-change threshold,threshold_010,United Kingdom,GBR,Additive expansion,2006,2008,3
0.10% material-change threshold,threshold_010,United Kingdom,GBR,Fossil displacement,2009,2009,1
0.10% material-change threshold,threshold_010,United Kingdom,GBR,Additive expansion,2010,2010,1
0.10% material-change threshold,threshold_010,United Kingdom,GBR,Fossil displacement,2011,2015,5
0.10% material-change threshold,threshold_010,United Kingdom,GBR,Joint contraction,2016,2016,1
0.10% material-change threshold,threshold_010,United Kingdom,GBR,Fossil displacement,2017,2020,4
0.10% material-change threshold,threshold_010,United Kingdom,GBR,Fossil resurgence,2021,2021,1
0.10% material-change threshold,threshold_010,United Kingdom,GBR,Additive expansion,2022,2022,1
0.10% material-change threshold,threshold_010,United Kingdom,GBR,Fossil displacement,2023,2024,2
0.10% material-change threshold,threshold_010,Indonesia,IDN,Additive expansion,2000,2001,2
0.10% material-change threshold,threshold_010,Indonesia,IDN,Fossil resurgence,2002,2003,2
0.10% material-change threshold,threshold_010,Indonesia,IDN,Additive expansion,2004,2005,2
0.10% material-change threshold,threshold_010,Indonesia,IDN,Fossil resurgence,2006,2006,1
0.10% material-change threshold,threshold_010,Indonesia,IDN,Additive expansion,2007,2010,4
0.10% material-change threshold,threshold_010,Indonesia,IDN,Fossil resurgence,2011,2011,1
0.10% material-change threshold,threshold_010,Indonesia,IDN,Additive expansion,2012,2013,2
0.10% material-change threshold,threshold_010,Indonesia,IDN,Fossil resurgence,2014,2015,2
0.10% material-change threshold,threshold_010,Indonesia,IDN,Additive expansion,2016,2018,3
0.10% material-change threshold,threshold_010,Indonesia,IDN,Fossil resurgence,2019,2019,1
0.10% material-change threshold,threshold_010,Indonesia,IDN,Fossil displacement,2020,2020,1
0.10% material-change threshold,threshold_010,Indonesia,IDN,Additive expansion,2021,2022,2
0.10% material-change threshold,threshold_010,Indonesia,IDN,Additive expansion,2024,2024,1
0.10% material-change threshold,threshold_010,India,IND,Fossil resurgence,2000,2002,3
0.10% material-change threshold,threshold_010,India,IND,Additive expansion,2003,2004,2
0.10% material-change threshold,threshold_010,India,IND,Fossil resurgence,2005,2005,1
0.10% material-change threshold,threshold_010,India,IND,Additive expansion,2006,2007,2
0.10% material-change threshold,threshold_010,India,IND,Fossil resurgence,2008,2009,2
0.10% material-change threshold,threshold_010,India,IND,Additive expansion,2010,2011,2
0.10% material-change threshold,threshold_010,India,IND,Fossil resurgence,2012,2012,1
0.10% material-change threshold,threshold_010,India,IND,Additive expansion,2013,2014,2
0.10% material-change threshold,threshold_010,India,IND,Fossil resurgence,2015,2015,1
0.10% material-change threshold,threshold_010,India,IND,Additive expansion,2016,2018,3
0.10% material-change threshold,threshold_010,India,IND,Fossil displacement,2019,2020,2
0.10% material-change threshold,threshold_010,India,IND,Additive expansion,2021,2024,4
0.10% material-change threshold,threshold_010,Italy,ITA,Fossil resurgence,2000,2000,1
0.10% material-change threshold,threshold_010,Italy,ITA,Fossil displacement,2001,2001,1
0.10% material-change threshold,threshold_010,Italy,ITA,Fossil resurgence,2002,2003,2
0.10% material-change threshold,threshold_010,Italy,ITA,Additive expansion,2004,2004,1
0.10% material-change threshold,threshold_010,Italy,ITA,Fossil resurgence,2005,2005,1
0.10% material-change threshold,threshold_010,Italy,ITA,Additive expansion,2006,2006,1
0.10% material-change threshold,threshold_010,Italy,ITA,Fossil resurgence,2007,2007,1
0.10% material-change threshold,threshold_010,Italy,ITA,Fossil displacement,2008,2009,2
0.10% material-change threshold,threshold_010,Italy,ITA,Additive expansion,2010,2010,1
0.10% material-change threshold,threshold_010,Italy,ITA,Fossil displacement,2011,2014,4
0.10% material-change threshold,threshold_010,Italy,ITA,Fossil resurgence,2015,2017,3
0.10% material-change threshold,threshold_010,Italy,ITA,Fossil displacement,2018,2018,1
0.10% material-change threshold,threshold_010,Italy,ITA,Additive expansion,2019,2019,1
0.10% material-change threshold,threshold_010,Italy,ITA,Fossil displacement,2020,2020,1
0.10% material-change threshold,threshold_010,Italy,ITA,Fossil resurgence,2021,2022,2
0.10% material-change threshold,threshold_010,Italy,ITA,Fossil displacement,2023,2024,2
0.10% material-change threshold,threshold_010,Japan,JPN,Joint contraction,2001,2001,1
0.10% material-change threshold,threshold_010,Japan,JPN,Additive expansion,2003,2003,1
0.10% material-change threshold,threshold_010,Japan,JPN,Fossil resurgence,2005,2005,1
0.10% material-change threshold,threshold_010,Japan,JPN,Fossil displacement,2006,2006,1
0.10% material-change threshold,threshold_010,Japan,JPN,Fossil resurgence,2007,2007,1
0.10% material-change threshold,threshold_010,Japan,JPN,Joint contraction,2009,2009,1
0.10% material-change threshold,threshold_010,Japan,JPN,Additive expansion,2010,2010,1
0.10% material-change threshold,threshold_010,Japan,JPN,Fossil resurgence,2011,2012,2
0.10% material-change threshold,threshold_010,Japan,JPN,Fossil displacement,2013,2015,3
0.10% material-change threshold,threshold_010,Japan,JPN,Fossil resurgence,2016,2016,1
0.10% material-change threshold,threshold_010,Japan,JPN,Fossil displacement,2017,2018,2
0.10% material-change threshold,threshold_010,Japan,JPN,Fossil displacement,2020,2021,2
0.10% material-change threshold,threshold_010,Japan,JPN,Additive expansion,2022,2022,1
0.10% material-change threshold,threshold_010,Japan,JPN,Fossil displacement,2023,2024,2
0.10% material-change threshold,threshold_010,South Korea,KOR,Fossil resurgence,2001,2001,1
0.10% material-change threshold,threshold_010,South Korea,KOR,Additive expansion,2002,2003,2
0.10% material-change threshold,threshold_010,South Korea,KOR,Fossil resurgence,2004,2005,2
0.10% material-change threshold,threshold_010,South Korea,KOR,Additive expansion,2007,2007,1
0.10% material-change threshold,threshold_010,South Korea,KOR,Additive expansion,2010,2013,4
0.10% material-change threshold,threshold_010,South Korea,KOR,Fossil displacement,2014,2015,2
0.10% material-change threshold,threshold_010,South Korea,KOR,Additive expansion,2016,2018,3
0.10% material-change threshold,threshold_010,South Korea,KOR,Fossil displacement,2019,2020,2
0.10% material-change threshold,threshold_010,South Korea,KOR,Additive expansion,2021,2021,1
0.10% material-change threshold,threshold_010,South Korea,KOR,Fossil displacement,2022,2024,3
0.10% material-change threshold,threshold_010,Mexico,MEX,Additive expansion,2000,2000,1
0.10% material-change threshold,threshold_010,Mexico,MEX,Fossil resurgence,2001,2003,3
0.10% material-change threshold,threshold_010,Mexico,MEX,Additive expansion,2004,2006,3
0.10% material-change threshold,threshold_010,Mexico,MEX,Fossil resurgence,2007,2007,1
0.10% material-change threshold,threshold_010,Mexico,MEX,Fossil displacement,2008,2008,1
0.10% material-change threshold,threshold_010,Mexico,MEX,Fossil resurgence,2009,2009,1
0.10% material-change threshold,threshold_010,Mexico,MEX,Additive expansion,2010,2010,1
0.10% material-change threshold,threshold_010,Mexico,MEX,Fossil resurgence,2011,2013,3
0.10% material-change threshold,threshold_010,Mexico,MEX,Fossil displacement,2014,2014,1
0.10% material-change threshold,threshold_010,Mexico,MEX,Fossil resurgence,2015,2015,1
0.10% material-change threshold,threshold_010,Mexico,MEX,Additive expansion,2016,2018,3
0.10% material-change threshold,threshold_010,Mexico,MEX,Fossil displacement,2019,2021,3
0.10% material-change threshold,threshold_010,Mexico,MEX,Additive expansion,2022,2022,1
0.10% material-change threshold,threshold_010,Mexico,MEX,Fossil resurgence,2023,2023,1
0.10% material-change threshold,threshold_010,Russia,RUS,Additive expansion,2000,2000,1
0.10% material-change threshold,threshold_010,Russia,RUS,Fossil displacement,2001,2001,1
0.10% material-change threshold,threshold_010,Russia,RUS,Fossil resurgence,2002,2003,2
0.10% material-change threshold,threshold_010,Russia,RUS,Additive expansion,2004,2004,1
0.10% material-change threshold,threshold_010,Russia,RUS,Fossil resurgence,2005,2005,1
0.10% material-change threshold,threshold_010,Russia,RUS,Additive expansion,2007,2007,1
0.10% material-change threshold,threshold_010,Russia,RUS,Fossil resurgence,2008,2008,1
0.10% material-change threshold,threshold_010,Russia,RUS,Fossil displacement,2009,2009,1
0.10% material-change threshold,threshold_010,Russia,RUS,Fossil resurgence,2010,2011,2
0.10% material-change threshold,threshold_010,Russia,RUS,Fossil displacement,2013,2013,1
0.10% material-change threshold,threshold_010,Russia,RUS,Fossil resurgence,2014,2014,1
0.10% material-change threshold,threshold_010,Russia,RUS,Joint contraction,2015,2015,1
0.10% material-change threshold,threshold_010,Russia,RUS,Additive expansion,2016,2016,1
0.10% material-change threshold,threshold_010,Russia,RUS,Additive expansion,2018,2018,1
0.10% material-change threshold,threshold_010,Russia,RUS,Fossil displacement,2020,2020,1
0.10% material-change threshold,threshold_010,Russia,RUS,Additive expansion,2021,2021,1
0.10% material-change threshold,threshold_010,Russia,RUS,Fossil resurgence,2022,2022,1
0.10% material-change threshold,threshold_010,Russia,RUS,Additive expansion,2023,2024,2
0.10% material-change threshold,threshold_010,Saudi Arabia,SAU,Additive expansion,2020,2020,1
0.10% material-change threshold,threshold_010,Saudi Arabia,SAU,Additive expansion,2022,2024,3
0.10% material-change threshold,threshold_010,Türkiye,TUR,Fossil resurgence,2000,2001,2
0.10% material-change threshold,threshold_010,Türkiye,TUR,Fossil displacement,2002,2002,1
0.10% material-change threshold,threshold_010,Türkiye,TUR,Additive expansion,2003,2003,1
0.10% material-change threshold,threshold_010,Türkiye,TUR,Fossil displacement,2004,2004,1
0.10% material-change threshold,threshold_010,Türkiye,TUR,Fossil resurgence,2005,2005,1
0.10% material-change threshold,threshold_010,Türkiye,TUR,Additive expansion,2006,2006,1
0.10% material-change threshold,threshold_010,Türkiye,TUR,Fossil resurgence,2007,2008,2
0.10% material-change threshold,threshold_010,Türkiye,TUR,Fossil displacement,2009,2010,2
0.10% material-change threshold,threshold_010,Türkiye,TUR,Additive expansion,2011,2012,2
0.10% material-change threshold,threshold_010,Türkiye,TUR,Fossil displacement,2013,2013,1
0.10% material-change threshold,threshold_010,Türkiye,TUR,Fossil resurgence,2014,2014,1
0.10% material-change threshold,threshold_010,Türkiye,TUR,Fossil displacement,2015,2015,1
0.10% material-change threshold,threshold_010,Türkiye,TUR,Additive expansion,2016,2016,1
0.10% material-change threshold,threshold_010,Türkiye,TUR,Fossil resurgence,2017,2017,1
0.10% material-change threshold,threshold_010,Türkiye,TUR,Fossil displacement,2018,2019,2
0.10% material-change threshold,threshold_010,Türkiye,TUR,Fossil resurgence,2020,2021,2
0.10% material-change threshold,threshold_010,Türkiye,TUR,Fossil displacement,2022,2022,1
0.10% material-change threshold,threshold_010,United States,USA,Joint contraction,2000,2001,2
0.10% material-change threshold,threshold_010,United States,USA,Additive expansion,2002,2003,2
0.10% material-change threshold,threshold_010,United States,USA,Fossil resurgence,2004,2004,1
0.10% material-change threshold,threshold_010,United States,USA,Additive expansion,2005,2005,1
0.10% material-change threshold,threshold_010,United States,USA,Fossil displacement,2006,2006,1
0.10% material-change threshold,threshold_010,United States,USA,Fossil resurgence,2007,2007,1
0.10% material-change threshold,threshold_010,United States,USA,Fossil displacement,2008,2009,2
0.10% material-change threshold,threshold_010,United States,USA,Additive expansion,2010,2010,1
0.10% material-change threshold,threshold_010,United States,USA,Fossil displacement,2011,2011,1
0.10% material-change threshold,threshold_010,United States,USA,Joint contraction,2012,2012,1
0.10% material-change threshold,threshold_010,United States,USA,Fossil displacement,2013,2013,1
0.10% material-change threshold,threshold_010,United States,USA,Additive expansion,2014,2014,1
0.10% material-change threshold,threshold_010,United States,USA,Fossil displacement,2015,2017,3
0.10% material-change threshold,threshold_010,United States,USA,Additive expansion,2018,2018,1
0.10% material-change threshold,threshold_010,United States,USA,Fossil displacement,2019,2020,2
0.10% material-change threshold,threshold_010,United States,USA,Additive expansion,2021,2022,2
0.10% material-change threshold,threshold_010,United States,USA,Fossil displacement,2023,2023,1
0.10% material-change threshold,threshold_010,United States,USA,Additive expansion,2024,2024,1
0.10% material-change threshold,threshold_010,South Africa,ZAF,Additive expansion,2000,2002,3
0.10% material-change threshold,threshold_010,South Africa,ZAF,Fossil resurgence,2003,2003,1
0.10% material-change threshold,threshold_010,South Africa,ZAF,Additive expansion,2005,2006,2
0.10% material-change threshold,threshold_010,South Africa,ZAF,Joint contraction,2008,2008,1
0.10% material-change threshold,threshold_010,South Africa,ZAF,Fossil resurgence,2010,2010,1
0.10% material-change threshold,threshold_010,South Africa,ZAF,Additive expansion,2011,2011,1
0.10% material-change threshold,threshold_010,South Africa,ZAF,Joint contraction,2012,2012,1
0.10% material-change threshold,threshold_010,South Africa,ZAF,Fossil displacement,2014,2017,4
0.10% material-change threshold,threshold_010,South Africa,ZAF,Additive expansion,2018,2018,1
0.10% material-change threshold,threshold_010,South Africa,ZAF,Fossil displacement,2019,2023,5
0.10% material-change threshold,threshold_010,South Africa,ZAF,Additive expansion,2024,2024,1
0.25% material-change threshold,threshold_025,Argentina,ARG,Additive expansion,2000,2000,1
0.25% material-change threshold,threshold_025,Argentina,ARG,Fossil displacement,2001,2001,1
0.25% material-change threshold,threshold_025,Argentina,ARG,Joint contraction,2002,2002,1
0.25% material-change threshold,threshold_025,Argentina,ARG,Fossil resurgence,2003,2004,2
0.25% material-change threshold,threshold_025,Argentina,ARG,Additive expansion,2005,2006,2
0.25% material-change threshold,threshold_025,Argentina,ARG,Fossil resurgence,2007,2007,1
0.25% material-change threshold,threshold_025,Argentina,ARG,Fossil displacement,2009,2009,1
0.25% material-change threshold,threshold_025,Argentina,ARG,Fossil resurgence,2010,2012,3
0.25% material-change threshold,threshold_025,Argentina,ARG,Fossil resurgence,2016,2016,1
0.25% material-change threshold,threshold_025,Argentina,ARG,Fossil displacement,2017,2018,2
0.25% material-change threshold,threshold_025,Argentina,ARG,Joint contraction,2019,2019,1
0.25% material-change threshold,threshold_025,Argentina,ARG,Additive expansion,2020,2021,2
0.25% material-change threshold,threshold_025,Argentina,ARG,Fossil displacement,2022,2023,2
0.25% material-change threshold,threshold_025,Argentina,ARG,Additive expansion,2024,2024,1
0.25% material-change threshold,threshold_025,Australia,AUS,Fossil displacement,2002,2002,1
0.25% material-change threshold,threshold_025,Australia,AUS,Additive expansion,2003,2004,2
0.25% material-change threshold,threshold_025,Australia,AUS,Fossil resurgence,2007,2008,2
0.25% material-change threshold,threshold_025,Australia,AUS,Additive expansion,2009,2009,1
0.25% material-change threshold,threshold_025,Australia,AUS,Fossil displacement,2010,2011,2
0.25% material-change threshold,threshold_025,Australia,AUS,Fossil displacement,2013,2013,1
0.25% material-change threshold,threshold_025,Australia,AUS,Fossil resurgence,2014,2014,1
0.25% material-change threshold,threshold_025,Australia,AUS,Additive expansion,2015,2015,1
0.25% material-change threshold,threshold_025,Australia,AUS,Fossil displacement,2016,2016,1
0.25% material-change threshold,threshold_025,Australia,AUS,Fossil resurgence,2017,2017,1
0.25% material-change threshold,threshold_025,Australia,AUS,Fossil displacement,2018,2023,6
0.25% material-change threshold,threshold_025,Australia,AUS,Additive expansion,2024,2024,1
0.25% material-change threshold,threshold_025,Brazil,BRA,Additive expansion,2000,2000,1
0.25% material-change threshold,threshold_025,Brazil,BRA,Fossil resurgence,2001,2001,1
0.25% material-change threshold,threshold_025,Brazil,BRA,Fossil displacement,2002,2003,2
0.25% material-change threshold,threshold_025,Brazil,BRA,Additive expansion,2004,2004,1
0.25% material-change threshold,threshold_025,Brazil,BRA,Fossil displacement,2007,2007,1
0.25% material-change threshold,threshold_025,Brazil,BRA,Fossil resurgence,2008,2008,1
0.25% material-change threshold,threshold_025,Brazil,BRA,Fossil displacement,2009,2009,1
0.25% material-change threshold,threshold_025,Brazil,BRA,Additive expansion,2010,2010,1
0.25% material-change threshold,threshold_025,Brazil,BRA,Fossil displacement,2011,2011,1
0.25% material-change threshold,threshold_025,Brazil,BRA,Fossil resurgence,2012,2014,3
0.25% material-change threshold,threshold_025,Brazil,BRA,Fossil displacement,2016,2016,1
0.25% material-change threshold,threshold_025,Brazil,BRA,Fossil displacement,2018,2018,1
0.25% material-change threshold,threshold_025,Brazil,BRA,Additive expansion,2019,2019,1
0.25% material-change threshold,threshold_025,Brazil,BRA,Fossil displacement,2020,2020,1
0.25% material-change threshold,threshold_025,Brazil,BRA,Fossil resurgence,2021,2021,1
0.25% material-change threshold,threshold_025,Brazil,BRA,Fossil displacement,2022,2023,2
0.25% material-change threshold,threshold_025,Brazil,BRA,Additive expansion,2024,2024,1
0.25% material-change threshold,threshold_025,Canada,CAN,Additive expansion,2000,2000,1
0.25% material-change threshold,threshold_025,Canada,CAN,Fossil resurgence,2001,2001,1
0.25% material-change threshold,threshold_025,Canada,CAN,Fossil displacement,2002,2002,1
0.25% material-change threshold,threshold_025,Canada,CAN,Fossil resurgence,2003,2003,1
0.25% material-change threshold,threshold_025,Canada,CAN,Fossil displacement,2004,2005,2
0.25% material-change threshold,threshold_025,Canada,CAN,Joint contraction,2006,2006,1
0.25% material-change threshold,threshold_025,Canada,CAN,Additive expansion,2007,2007,1
0.25% material-change threshold,threshold_025,Canada,CAN,Fossil displacement,2008,2008,1
0.25% material-change threshold,threshold_025,Canada,CAN,Joint contraction,2009,2009,1
0.25% material-change threshold,threshold_025,Canada,CAN,Fossil resurgence,2010,2010,1
0.25% material-change threshold,threshold_025,Canada,CAN,Additive expansion,2011,2011,1
0.25% material-change threshold,threshold_025,Canada,CAN,Fossil displacement,2012,2012,1
0.25% material-change threshold,threshold_025,Canada,CAN,Fossil resurgence,2014,2014,1
0.25% material-change threshold,threshold_025,Canada,CAN,Fossil displacement,2016,2017,2
0.25% material-change threshold,threshold_025,Canada,CAN,Fossil displacement,2020,2020,1
0.25% material-change threshold,threshold_025,Canada,CAN,Fossil resurgence,2023,2024,2
0.25% material-change threshold,threshold_025,China,CHN,Additive expansion,2000,2002,3
0.25% material-change threshold,threshold_025,China,CHN,Additive expansion,2004,2008,5
0.25% material-change threshold,threshold_025,China,CHN,Additive expansion,2010,2010,1
0.25% material-change threshold,threshold_025,China,CHN,Additive expansion,2012,2014,3
0.25% material-change threshold,threshold_025,China,CHN,Fossil displacement,2015,2015,1
0.25% material-change threshold,threshold_025,China,CHN,Additive expansion,2016,2024,9
0.25% material-change threshold,threshold_025,Germany,DEU,Additive expansion,2000,2003,4
0.25% material-change threshold,threshold_025,Germany,DEU,Fossil displacement,2004,2004,1
0.25% material-change threshold,threshold_025,Germany,DEU,Additive expansion,2005,2007,3
0.25% material-change threshold,threshold_025,Germany,DEU,Fossil displacement,2008,2009,2
0.25% material-change threshold,threshold_025,Germany,DEU,Additive expansion,2010,2010,1
0.25% material-change threshold,threshold_025,Germany,DEU,Fossil displacement,2011,2011,1
0.25% material-change threshold,threshold_025,Germany,DEU,Additive expansion,2012,2013,2
0.25% material-change threshold,threshold_025,Germany,DEU,Fossil displacement,2014,2014,1
0.25% material-change threshold,threshold_025,Germany,DEU,Fossil displacement,2017,2020,4
0.25% material-change threshold,threshold_025,Germany,DEU,Fossil resurgence,2021,2021,1
0.25% material-change threshold,threshold_025,Germany,DEU,Additive expansion,2022,2022,1
0.25% material-change threshold,threshold_025,Germany,DEU,Fossil displacement,2023,2024,2
0.25% material-change threshold,threshold_025,France,FRA,Joint contraction,2000,2000,1
0.25% material-change threshold,threshold_025,France,FRA,Fossil displacement,2001,2001,1
0.25% material-change threshold,threshold_025,France,FRA,Fossil resurgence,2002,2002,1
0.25% material-change threshold,threshold_025,France,FRA,Fossil resurgence,2005,2005,1
0.25% material-change threshold,threshold_025,France,FRA,Fossil displacement,2006,2006,1
0.25% material-change threshold,threshold_025,France,FRA,Additive expansion,2007,2007,1
0.25% material-change threshold,threshold_025,France,FRA,Fossil displacement,2008,2008,1
0.25% material-change threshold,threshold_025,France,FRA,Joint contraction,2009,2009,1
0.25% material-change threshold,threshold_025,France,FRA,Additive expansion,2010,2010,1
0.25% material-change threshold,threshold_025,France,FRA,Fossil resurgence,2011,2011,1
0.25% material-change threshold,threshold_025,France,FRA,Fossil displacement,2012,2013,2
0.25% material-change threshold,threshold_025,France,FRA,Joint contraction,2014,2014,1
0.25% material-change threshold,threshold_025,France,FRA,Fossil resurgence,2015,2015,1
0.25% material-change threshold,threshold_025,France,FRA,Additive expansion,2016,2016,1
0.25% material-change threshold,threshold_025,France,FRA,Fossil resurgence,2017,2017,1
0.25% material-change threshold,threshold_025,France,FRA,Fossil displacement,2018,2018,1
0.25% material-change threshold,threshold_025,France,FRA,Fossil displacement,2020,2020,1
0.25% material-change threshold,threshold_025,France,FRA,Fossil resurgence,2022,2022,1
0.25% material-change threshold,threshold_025,France,FRA,Fossil displacement,2023,2024,2
0.25% material-change threshold,threshold_025,United Kingdom,GBR,Additive expansion,2002,2002,1
0.25% material-change threshold,threshold_025,United Kingdom,GBR,Additive expansion,2006,2007,2
0.25% material-change threshold,threshold_025,United Kingdom,GBR,Fossil displacement,2009,2009,1
0.25% material-change threshold,threshold_025,United Kingdom,GBR,Fossil displacement,2011,2015,5
0.25% material-change threshold,threshold_025,United Kingdom,GBR,Fossil displacement,2017,2020,4
0.25% material-change threshold,threshold_025,United Kingdom,GBR,Fossil resurgence,2021,2021,1
0.25% material-change threshold,threshold_025,United Kingdom,GBR,Additive expansion,2022,2022,1
0.25% material-change threshold,threshold_025,United Kingdom,GBR,Fossil displacement,2024,2024,1
0.25% material-change threshold,threshold_025,Indonesia,IDN,Additive expansion,2000,2001,2
0.25% material-change threshold,threshold_025,Indonesia,IDN,Fossil resurgence,2002,2003,2
0.25% material-change threshold,threshold_025,Indonesia,IDN,Additive expansion,2004,2005,2
0.25% material-change threshold,threshold_025,Indonesia,IDN,Fossil resurgence,2006,2006,1
0.25% material-change threshold,threshold_025,Indonesia,IDN,Additive expansion,2007,2010,4
0.25% material-change threshold,threshold_025,Indonesia,IDN,Fossil resurgence,2011,2011,1
0.25% material-change threshold,threshold_025,Indonesia,IDN,Additive expansion,2012,2013,2
0.25% material-change threshold,threshold_025,Indonesia,IDN,Fossil resurgence,2014,2015,2
0.25% material-change threshold,threshold_025,Indonesia,IDN,Additive expansion,2016,2018,3
0.25% material-change threshold,threshold_025,Indonesia,IDN,Fossil displacement,2020,2020,1
0.25% material-change threshold,threshold_025,Indonesia,IDN,Additive expansion,2021,2022,2
0.25% material-change threshold,threshold_025,Indonesia,IDN,Additive expansion,2024,2024,1
0.25% material-change threshold,threshold_025,India,IND,Fossil resurgence,2000,2002,3
0.25% material-change threshold,threshold_025,India,IND,Additive expansion,2003,2004,2
0.25% material-change threshold,threshold_025,India,IND,Additive expansion,2006,2007,2
0.25% material-change threshold,threshold_025,India,IND,Fossil resurgence,2008,2009,2
0.25% material-change threshold,threshold_025,India,IND,Additive expansion,2010,2011,2
0.25% material-change threshold,threshold_025,India,IND,Fossil resurgence,2012,2012,1
0.25% material-change threshold,threshold_025,India,IND,Additive expansion,2013,2014,2
0.25% material-change threshold,threshold_025,India,IND,Fossil resurgence,2015,2015,1
0.25% material-change threshold,threshold_025,India,IND,Additive expansion,2016,2018,3
0.25% material-change threshold,threshold_025,India,IND,Fossil displacement,2020,2020,1
0.25% material-change threshold,threshold_025,India,IND,Additive expansion,2021,2024,4
0.25% material-change threshold,threshold_025,Italy,ITA,Fossil displacement,2001,2001,1
0.25% material-change threshold,threshold_025,Italy,ITA,Fossil resurgence,2002,2003,2
0.25% material-change threshold,threshold_025,Italy,ITA,Fossil resurgence,2005,2005,1
0.25% material-change threshold,threshold_025,Italy,ITA,Additive expansion,2006,2006,1
0.25% material-change threshold,threshold_025,Italy,ITA,Fossil resurgence,2007,2007,1
0.25% material-change threshold,threshold_025,Italy,ITA,Fossil displacement,2008,2009,2
0.25% material-change threshold,threshold_025,Italy,ITA,Additive expansion,2010,2010,1
0.25% material-change threshold,threshold_025,Italy,ITA,Fossil displacement,2011,2014,4
0.25% material-change threshold,threshold_025,Italy,ITA,Fossil resurgence,2015,2017,3
0.25% material-change threshold,threshold_025,Italy,ITA,Fossil displacement,2018,2018,1
0.25% material-change threshold,threshold_025,Italy,ITA,Additive expansion,2019,2019,1
0.25% material-change threshold,threshold_025,Italy,ITA,Fossil displacement,2020,2020,1
0.25% material-change threshold,threshold_025,Italy,ITA,Fossil resurgence,2022,2022,1
0.25% material-change threshold,threshold_025,Italy,ITA,Fossil displacement,2023,2024,2
0.25% material-change threshold,threshold_025,Japan,JPN,Additive expansion,2003,2003,1
0.25% material-change threshold,threshold_025,Japan,JPN,Fossil resurgence,2005,2005,1
0.25% material-change threshold,threshold_025,Japan,JPN,Fossil displacement,2006,2006,1
0.25% material-change threshold,threshold_025,Japan,JPN,Fossil resurgence,2007,2007,1
0.25% material-change threshold,threshold_025,Japan,JPN,Joint contraction,2009,2009,1
0.25% material-change threshold,threshold_025,Japan,JPN,Additive expansion,2010,2010,1
0.25% material-change threshold,threshold_025,Japan,JPN,Fossil resurgence,2011,2011,1
0.25% material-change threshold,threshold_025,Japan,JPN,Fossil displacement,2013,2015,3
0.25% material-change threshold,threshold_025,Japan,JPN,Fossil displacement,2017,2018,2
0.25% material-change threshold,threshold_025,Japan,JPN,Fossil displacement,2020,2021,2
0.25% material-change threshold,threshold_025,Japan,JPN,Additive expansion,2022,2022,1
0.25% material-change threshold,threshold_025,Japan,JPN,Fossil displacement,2023,2024,2
0.25% material-change threshold,threshold_025,South Korea,KOR,Fossil resurgence,2001,2001,1
0.25% material-change threshold,threshold_025,South Korea,KOR,Additive expansion,2002,2003,2
0.25% material-change threshold,threshold_025,South Korea,KOR,Additive expansion,2011,2011,1
0.25% material-change threshold,threshold_025,South Korea,KOR,Additive expansion,2013,2013,1
0.25% material-change threshold,threshold_025,South Korea,KOR,Fossil displacement,2014,2015,2
0.25% material-change threshold,threshold_025,South Korea,KOR,Additive expansion,2016,2018,3
0.25% material-change threshold,threshold_025,South Korea,KOR,Fossil displacement,2019,2020,2
0.25% material-change threshold,threshold_025,South Korea,KOR,Additive expansion,2021,2021,1
0.25% material-change threshold,threshold_025,South Korea,KOR,Fossil displacement,2022,2024,3
0.25% material-change threshold,threshold_025,Mexico,MEX,Additive expansion,2000,2000,1
0.25% material-change threshold,threshold_025,Mexico,MEX,Fossil resurgence,2001,2003,3
0.25% material-change threshold,threshold_025,Mexico,MEX,Additive expansion,2004,2006,3
0.25% material-change threshold,threshold_025,Mexico,MEX,Fossil resurgence,2007,2007,1
0.25% material-change threshold,threshold_025,Mexico,MEX,Fossil displacement,2008,2008,1
0.25% material-change threshold,threshold_025,Mexico,MEX,Fossil resurgence,2009,2009,1
0.25% material-change threshold,threshold_025,Mexico,MEX,Additive expansion,2010,2010,1
0.25% material-change threshold,threshold_025,Mexico,MEX,Fossil resurgence,2012,2012,1
0.25% material-change threshold,threshold_025,Mexico,MEX,Fossil displacement,2014,2014,1
0.25% material-change threshold,threshold_025,Mexico,MEX,Fossil resurgence,2015,2015,1
0.25% material-change threshold,threshold_025,Mexico,MEX,Additive expansion,2017,2018,2
0.25% material-change threshold,threshold_025,Mexico,MEX,Fossil displacement,2019,2021,3
0.25% material-change threshold,threshold_025,Mexico,MEX,Additive expansion,2022,2022,1
0.25% material-change threshold,threshold_025,Mexico,MEX,Fossil resurgence,2023,2023,1
0.25% material-change threshold,threshold_025,Russia,RUS,Additive expansion,2000,2000,1
0.25% material-change threshold,threshold_025,Russia,RUS,Fossil displacement,2001,2001,1
0.25% material-change threshold,threshold_025,Russia,RUS,Fossil resurgence,2002,2003,2
0.25% material-change threshold,threshold_025,Russia,RUS,Fossil resurgence,2005,2005,1
0.25% material-change threshold,threshold_025,Russia,RUS,Additive expansion,2007,2007,1
0.25% material-change threshold,threshold_025,Russia,RUS,Fossil resurgence,2008,2008,1
0.25% material-change threshold,threshold_025,Russia,RUS,Fossil displacement,2009,2009,1
0.25% material-change threshold,threshold_025,Russia,RUS,Fossil resurgence,2010,2011,2
0.25% material-change threshold,threshold_025,Russia,RUS,Fossil displacement,2013,2013,1
0.25% material-change threshold,threshold_025,Russia,RUS,Fossil resurgence,2014,2014,1
0.25% material-change threshold,threshold_025,Russia,RUS,Joint contraction,2015,2015,1
0.25% material-change threshold,threshold_025,Russia,RUS,Additive expansion,2016,2016,1
0.25% material-change threshold,threshold_025,Russia,RUS,Additive expansion,2018,2018,1
0.25% material-change threshold,threshold_025,Russia,RUS,Fossil displacement,2020,2020,1
0.25% material-change threshold,threshold_025,Russia,RUS,Additive expansion,2021,2021,1
0.25% material-change threshold,threshold_025,Russia,RUS,Fossil resurgence,2022,2022,1
0.25% material-change threshold,threshold_025,Russia,RUS,Additive expansion,2023,2024,2
0.25% material-change threshold,threshold_025,Saudi Arabia,SAU,Additive expansion,2022,2024,3
0.25% material-change threshold,threshold_025,Türkiye,TUR,Fossil resurgence,2000,2001,2
0.25% material-change threshold,threshold_025,Türkiye,TUR,Fossil displacement,2002,2002,1
0.25% material-change threshold,threshold_025,Türkiye,TUR,Additive expansion,2003,2003,1
0.25% material-change threshold,threshold_025,Türkiye,TUR,Fossil displacement,2004,2004,1
0.25% material-change threshold,threshold_025,Türkiye,TUR,Fossil resurgence,2005,2005,1
0.25% material-change threshold,threshold_025,Türkiye,TUR,Additive expansion,2006,2006,1
0.25% material-change threshold,threshold_025,Türkiye,TUR,Fossil resurgence,2007,2008,2
0.25% material-change threshold,threshold_025,Türkiye,TUR,Fossil displacement,2009,2010,2
0.25% material-change threshold,threshold_025,Türkiye,TUR,Additive expansion,2011,2012,2
0.25% material-change threshold,threshold_025,Türkiye,TUR,Fossil displacement,2013,2013,1
0.25% material-change threshold,threshold_025,Türkiye,TUR,Fossil resurgence,2014,2014,1
0.25% material-change threshold,threshold_025,Türkiye,TUR,Fossil displacement,2015,2015,1
0.25% material-change threshold,threshold_025,Türkiye,TUR,Additive expansion,2016,2016,1
0.25% material-change threshold,threshold_025,Türkiye,TUR,Fossil resurgence,2017,2017,1
0.25% material-change threshold,threshold_025,Türkiye,TUR,Fossil displacement,2018,2019,2
0.25% material-change threshold,threshold_025,Türkiye,TUR,Fossil resurgence,2020,2021,2
0.25% material-change threshold,threshold_025,Türkiye,TUR,Fossil displacement,2022,2022,1
0.25% material-change threshold,threshold_025,United States,USA,Joint contraction,2000,2001,2
0.25% material-change threshold,threshold_025,United States,USA,Additive expansion,2002,2003,2
0.25% material-change threshold,threshold_025,United States,USA,Fossil displacement,2006,2006,1
0.25% material-change threshold,threshold_025,United States,USA,Fossil resurgence,2007,2007,1
0.25% material-change threshold,threshold_025,United States,USA,Fossil displacement,2008,2009,2
0.25% material-change threshold,threshold_025,United States,USA,Fossil displacement,2011,2011,1
0.25% material-change threshold,threshold_025,United States,USA,Fossil displacement,2013,2013,1
0.25% material-change threshold,threshold_025,United States,USA,Fossil displacement,2016,2017,2
0.25% material-change threshold,threshold_025,United States,USA,Additive expansion,2018,2018,1
0.25% material-change threshold,threshold_025,United States,USA,Fossil displacement,2019,2020,2
0.25% material-change threshold,threshold_025,United States,USA,Additive expansion,2021,2022,2
0.25% material-change threshold,threshold_025,United States,USA,Additive expansion,2024,2024,1
0.25% material-change threshold,threshold_025,South Africa,ZAF,Additive expansion,2000,2001,2
0.25% material-change threshold,threshold_025,South Africa,ZAF,Fossil resurgence,2003,2003,1
0.25% material-change threshold,threshold_025,South Africa,ZAF,Additive expansion,2006,2006,1
0.25% material-change threshold,threshold_025,South Africa,ZAF,Joint contraction,2008,2008,1
0.25% material-change threshold,threshold_025,South Africa,ZAF,Additive expansion,2011,2011,1
0.25% material-change threshold,threshold_025,South Africa,ZAF,Joint contraction,2012,2012,1
0.25% material-change threshold,threshold_025,South Africa,ZAF,Fossil displacement,2014,2017,4
0.25% material-change threshold,threshold_025,South Africa,ZAF,Fossil displacement,2019,2023,5
0.25% material-change threshold,threshold_025,South Africa,ZAF,Additive expansion,2024,2024,1
