country,year,iso_code,renewables_electricity,fossil_electricity,electricity_generation,electricity_demand,fossil_share_elec,net_elec_imports_share_demand,wind_electricity,solar_electricity,nuclear_electricity,country_source,renewables_change_twh,fossil_change_twh,prior_generation_twh,electricity_demand_growth_pct,wind_solar_share_elec,nuclear_share_elec,state_primary,state_threshold_010,state_threshold_025,next_state,next_year,outcome,z_electricity_demand_growth_pct,z_fossil_share_elec,z_net_elec_imports_share_demand,z_wind_solar_share_elec,z_nuclear_share_elec,year_trend
Argentina,2001,ARG,36.99000168,46.09000015,90.13999939,91.88999939,51.13157272,1.904451013,0.05000000075,0,7.059999943,Argentina,7.990001678,-7.709999084,88.98000336,1.873616961,0.05546927123,7.832260917,Fossil displacement,Fossil displacement,Fossil displacement,Joint contraction,2002,0,0.7979982132,-0.2568577579,0.2326764174,-0.9069216767,-0.2972494566,1
Argentina,2009,ARG,35.84999847,78.29000092,122.3199997,128.4799957,64.00424957,4.794520378,0.03999999911,0,8.180000305,Argentina,3.399997711,-3.779998779,121.9100037,0.8556372895,0.03270111119,6.687377637,Fossil displacement,Fossil displacement,Fossil displacement,Fossil resurgence,2010,0,0.3988412068,0.2382007119,0.7195372615,-0.9097486274,-0.3610431434,9
Argentina,2013,ARG,34.77000046,98.47000122,139.4499969,147.5099945,70.61312866,5.464036942,0.4499999881,0.01999999955,6.210000038,Argentina,3.780000687,-0.1599960327,136.0200043,2.701378188,0.3370383635,4.45320916,Fossil displacement,Fossil displacement,Boundary,Fossil resurgence,2014,0,1.122569227,0.49236553,0.8323239659,-0.8719613672,-0.4855325536,13
Argentina,2017,ARG,33.68000031,105.8399963,145.6100006,156.0700073,72.68730927,6.702120781,0.6100000143,0.01999999955,6.090000153,Argentina,2.190000534,-1.570007324,147.1799927,-0.402035505,0.4326625996,4.182405142,Fossil displacement,Fossil displacement,Fossil displacement,Fossil displacement,2018,1,-0.09430116308,0.5721345389,1.040891466,-0.8600884274,-0.5006219405,17
Argentina,2018,ARG,35.22000122,104.6900024,146.7799988,156.3399963,71.32443237,6.114878178,1.409999967,0.1099999994,6.869999886,Argentina,1.540000916,-1.149993896,145.6100006,0.1729922477,1.035563414,4.68047414,Fossil displacement,Fossil displacement,Fossil displacement,Joint contraction,2019,0,0.131171273,0.5197209068,0.9419646262,-0.7852307826,-0.472869192,18
Argentina,2022,ARG,42.27000046,95.87000275,145.6100006,158.4900055,65.84026337,8.126695633,14.15999985,2.940000057,7.46999979,Argentina,5.229999542,-10.06999969,153.1499939,1.824614011,11.74369881,5.130141995,Fossil displacement,Fossil displacement,Fossil displacement,Fossil displacement,2023,1,0.7787838111,0.3088102821,1.280875227,0.5443175879,-0.4478133886,22
Argentina,2023,ARG,51.65000153,87.94999695,148.5599976,163.8999939,59.20166779,9.359365463,14.47999954,3.279999971,8.960000038,Argentina,9.380001068,-7.920005798,145.6100006,3.413457137,11.95476562,6.031233297,Fossil displacement,Fossil displacement,Fossil displacement,Additive expansion,2024,0,1.401780403,0.05350262476,1.488530684,0.5705241614,-0.3976039591,23
Australia,2002,AUS,17.95000076,205.5399933,223.4900055,223.4900055,91.96831512,0,0.5299999714,0.05999999866,0,Australia,0.6900005341,-1.460006714,224.2599945,-0.3433465765,0.2639938948,0,Fossil displacement,Fossil displacement,Fossil displacement,Additive expansion,2003,0,-0.07128882045,1.313645055,-0.0881472413,-0.8810307477,-0.7336684428,2
Australia,2010,AUS,22.15999985,228.8099976,250.9700012,250.9700012,91.17025757,0,4.989999771,0.9800000191,0,Australia,2,-0.9300079346,249.8999939,0.4281742098,2.378770276,0,Fossil displacement,Fossil displacement,Fossil displacement,Fossil displacement,2011,1,0.2312299195,1.282953292,-0.0881472413,-0.6184549221,-0.7336684428,10
Australia,2011,AUS,30.61000061,225.6699982,256.2799988,256.2799988,88.05603027,0,6.429999828,2.039999962,0,Australia,8.450000763,-3.13999939,250.9700012,2.115789749,3.304978863,0,Fossil displacement,Fossil displacement,Fossil displacement,Joint contraction,2012,0,0.8929558709,1.163186081,-0.0881472413,-0.5034545908,-0.7336684428,11
Australia,2013,AUS,35.52999878,214.0299988,249.5599976,249.5599976,85.76293945,0,9.260000229,3.849999905,0,Australia,5.259998322,-6.36000061,250.6600037,-0.4388438871,5.253245817,0,Fossil displacement,Fossil displacement,Fossil displacement,Fossil resurgence,2014,0,-0.1087339892,1.074998205,-0.0881472413,-0.2615529843,-0.7336684428,13
Australia,2016,AUS,41.74000168,216.4900055,258.230011,258.230011,83.83611298,0,13.03999996,7.440000057,0,Australia,5.940002441,-1.699996948,253.9900055,1.669359188,7.930913971,0,Fossil displacement,Fossil displacement,Fossil displacement,Fossil resurgence,2017,0,0.7179073004,1.000896153,-0.0881472413,0.07091286526,-0.7336684428,16
Australia,2018,AUS,49.49000168,213.1399994,262.6300049,262.6300049,81.15599823,0,16.26000023,12.32999992,0,Australia,10.30000305,-6.63999939,258.9700012,1.413292522,10.88603725,0,Fossil displacement,Fossil displacement,Fossil displacement,Fossil displacement,2019,1,0.6175017553,0.8978240788,-0.0881472413,0.4378282237,-0.7336684428,18
Australia,2019,AUS,55.25999832,210.6399994,265.8999939,265.8999939,79.21775055,0,19.46999931,18.29999924,0,Australia,5.769996643,-2.5,262.6300049,1.24509346,14.20458797,0,Fossil displacement,Fossil displacement,Fossil displacement,Fossil displacement,2020,1,0.551549717,0.8232827894,-0.0881472413,0.8498676261,-0.7336684428,19
Australia,2020,AUS,64.27999878,200.8699951,265.1499939,265.1499939,75.75711823,0,22.61000061,23.84000015,0,Australia,9.020000458,-9.770004272,265.8999939,-0.2820609316,17.51838651,0,Fossil displacement,Fossil displacement,Fossil displacement,Fossil displacement,2021,1,-0.04725828699,0.6901935056,-0.0881472413,1.261316985,-0.7336684428,20
Australia,2021,AUS,77.26999664,190.1799927,267.4500122,267.4500122,71.10861206,0,26.79999924,31.19000053,0,Australia,12.98999786,-10.69000244,265.1499939,0.8674404539,21.68255641,0,Fossil displacement,Fossil displacement,Fossil displacement,Fossil displacement,2022,1,0.4034693108,0.5114208714,-0.0881472413,1.77835054,-0.7336684428,21
Australia,2022,AUS,87.44000244,185.4799957,272.9200134,272.9200134,67.96130371,0,30.04999924,37.54000092,0,Australia,10.1700058,-4.699996948,267.4500122,2.045242464,24.76549788,0,Fossil displacement,Fossil displacement,Fossil displacement,Fossil displacement,2023,1,0.8652937832,0.3903814269,-0.0881472413,2.16113612,-0.7336684428,22
Australia,2023,AUS,95.06999969,178.0399933,273.1099854,273.1099854,65.18984985,0,31.87000084,44.99000168,0,Australia,7.629997253,-7.440002441,272.9200134,0.06960717957,28.14250911,0,Fossil displacement,Fossil displacement,Fossil displacement,Additive expansion,2024,0,0.09063325884,0.2837966255,-0.0881472413,2.580434122,-0.7336684428,23
Brazil,2002,BRA,296.4200134,35.45999908,345.7200012,382.2799988,10.25685501,9.563671112,0.05999999866,0,13.84000015,Brazil,19.49002075,-1.880001068,328.5499878,4.33406254,0.01735508459,4.003239646,Fossil displacement,Fossil displacement,Fossil displacement,Fossil displacement,2003,1,1.762756272,-1.828821029,1.522947996,-0.9116540277,-0.5106051656,2
Brazil,2003,BRA,317.6199951,33.40999985,364.3900146,402.5799866,9.168746948,9.486312866,0.05999999866,0,13.35999966,Brazil,21.19998169,-2.049999237,345.7200012,5.310240624,0.01646587345,3.666401142,Fossil displacement,Fossil displacement,Fossil displacement,Additive expansion,2004,0,2.145522581,-1.870667578,1.509916232,-0.9117644343,-0.5293740396,3
Brazil,2005,BRA,351.1900024,42.02999878,403.0700073,442.1099854,10.4274683,8.830382347,0.09000000358,0,9.850000381,Brazil,17.80999756,-0.4700012207,387.4899902,4.057709519,0.02232862826,2.443744313,Fossil displacement,Fossil displacement,Boundary,Fossil displacement,2006,1,1.654396304,-1.822259569,1.399418232,-0.9110365003,-0.5975013223,5
Brazil,2006,BRA,363.8900146,41.81000137,419.4500122,460.6099854,9.967815399,8.935976028,0.2399999946,0,13.75,Brazil,12.70001221,-0.219997406,403.0700073,4.184479114,0.05721778225,3.278102181,Fossil displacement,Boundary,Boundary,Fossil displacement,2007,1,1.704103556,-1.839936938,1.417206535,-0.9067045773,-0.5510103258,6
Brazil,2007,BRA,392.7399902,40.06000137,445.1499939,483.980011,8.999214172,8.023058891,0.6600000262,0,12.35000038,Brazil,28.84997559,-1.75,419.4500122,5.073712333,0.1482646378,2.77434585,Fossil displacement,Fossil displacement,Fossil displacement,Fossil resurgence,2008,0,2.052778171,-1.877187484,1.26341659,-0.8953999763,-0.5790799764,7
Brazil,2009,BRA,415.1099854,38.09999847,466.1700134,506.1499939,8.17298317,7.898844242,1.24000001,0,12.96000004,Brazil,24.57998657,-20.58000183,463.1799927,0.1503748048,0.2659973773,2.780101608,Fossil displacement,Fossil displacement,Fossil displacement,Additive expansion,2010,0,0.1223028141,-1.908962744,1.242491401,-0.8807819904,-0.5787592616,9
Brazil,2011,BRA,463.6600037,52.43999863,531.7600098,567.6500244,9.861591339,6.322557449,2.700000048,0,15.65999985,Brazil,26.25,-11.43000031,515.7999878,3.12471829,0.5077478558,2.944937483,Fossil displacement,Fossil displacement,Fossil displacement,Fossil resurgence,2012,0,1.288563865,-1.844022112,0.976950259,-0.8507656577,-0.5695744928,11
Brazil,2016,BRA,465.8200073,97.20999908,578.8900146,619.6799927,16.79248238,6.582429886,33.49000168,0.09000000358,15.85999966,Brazil,34.51000977,-37.96999359,581.2199707,0.6562240808,5.800756764,2.739725899,Fossil displacement,Fossil displacement,Fossil displacement,Additive expansion,2017,0,0.3206498818,-1.577473332,1.020728348,-0.1935726814,-0.581009024,16
Brazil,2018,BRA,495.2900085,90.43000031,601.3900146,636.3699951,15.0368309,5.49680233,48.47999954,3.460000038,15.67000008,Brazil,28.27001953,-16.12999725,589.3200073,1.710168699,8.636658128,2.605630239,Fossil displacement,Fossil displacement,Fossil displacement,Additive expansion,2019,0,0.7339089974,-1.644992321,0.8378436205,0.1585397918,-0.5884809268,18
Brazil,2020,BRA,522.9199829,91.79000092,628.7600098,653.4799805,14.59857464,3.782824278,57.04999924,10.75,14.05000019,Brazil,7.479980469,-9.970001221,633.3300171,-0.7306806604,10.78312841,2.234556901,Fossil displacement,Fossil displacement,Fossil displacement,Fossil resurgence,2021,0,-0.2231652456,-1.661846817,0.5491070209,0.4250508098,-0.6091573893,20
Brazil,2022,BRA,593.8900146,68.70999908,677.1599731,690.0700073,10.14678955,1.870824695,81.62999725,30.12999916,14.56000042,Brazil,86.02001953,-65.12000275,656.4000244,1.555556633,16.50422365,2.150156683,Fossil displacement,Fossil displacement,Fossil displacement,Fossil displacement,2023,1,0.6732845164,-1.833053935,0.2270117306,1.135396035,-0.6138602278,22
Brazil,2023,BRA,630.1900024,63.43000031,708.1199951,723.2299805,8.957521439,2.089238644,95.80000305,50.63000107,14.5,Brazil,36.29998779,-5.279998779,677.1599731,4.805305664,20.67869925,2.047675549,Fossil displacement,Fossil displacement,Fossil displacement,Additive expansion,2024,0,1.947534023,-1.878790907,0.2638057263,1.653709171,-0.6195705473,23
Canada,2002,CAN,359.75,165.0399933,599.789978,578.4799805,27.51629639,-3.683792114,0.4099999964,0.01999999955,75,Canada,18.20999146,-5.020004272,587.7600098,2.302542707,0.07169176074,12.50437699,Fossil displacement,Fossil displacement,Fossil displacement,Fossil resurgence,2003,0,0.9661830224,-1.165056006,-0.7087185534,-0.9049074526,-0.03691592309,2
Canada,2004,CAN,349.1499939,159.5899963,598.5,587.9699707,26.66499519,-1.790907741,0.9399999976,0.009999999776,89.76000214,Canada,2.880004883,-8.040008545,588.2700195,0.9338473783,0.1587301583,14.99749409,Fossil displacement,Fossil displacement,Fossil displacement,Fossil displacement,2005,1,0.4295079341,-1.197795418,-0.3898434098,-0.8941005516,0.1020022832,4
Canada,2005,CAN,372.7099915,156.3899994,620.5,596.6500244,25.20386696,-3.997318268,1.570000052,0.01999999955,91.40000153,Canada,23.55999756,-3.199996948,598.5,1.476275004,0.2562449721,14.73005665,Fossil displacement,Fossil displacement,Fossil displacement,Joint contraction,2006,0,0.6421976307,-1.253987608,-0.7615351431,-0.881992873,0.08710048443,5
Canada,2008,CAN,389.2999878,150.4600067,635.1099854,602.9500122,23.69038582,-5.33377552,3.789999962,0.03999999911,95.34999847,Canada,9.649993896,-11.25,634.1900024,-0.0480700935,0.6030451495,15.01314743,Fossil displacement,Fossil displacement,Fossil displacement,Joint contraction,2009,0,0.04449117039,-1.312193191,-0.9866746203,-0.8389333118,0.1028744983,8
Canada,2012,CAN,403.3699951,138.9700012,636.539978,589.789978,21.83209229,-7.926550388,11.31000042,0.8799999952,94.19999695,Canada,6.679992676,-9.669998169,638.2700195,-1.961476803,1.91504082,14.7987558,Fossil displacement,Fossil displacement,Fossil displacement,Fossil displacement,2013,1,-0.705769091,-1.383659597,-1.423453258,-0.6760327094,0.09092844865,12
Canada,2013,CAN,415.480011,137.4900055,655.6900024,603.8099976,20.96875191,-8.592106819,11.14999962,1.5,102.7200012,Canada,12.11001587,-1.479995728,636.539978,2.377120679,1.929265289,15.66593982,Fossil displacement,Fossil displacement,Boundary,Fossil resurgence,2014,0,0.9954255711,-1.416862013,-1.535572839,-0.6742665645,0.139248541,13
Canada,2015,CAN,422.0400085,137.9400024,661.0800171,601.5499878,20.86585617,-9.896101952,26.96999931,2.890000105,101.0999985,Canada,14.80001831,-1.25,652.9699707,-0.9565986727,4.516851008,15.29315603,Fossil displacement,Fossil displacement,Boundary,Fossil displacement,2016,1,-0.3117492911,-1.420819186,-1.75524375,-0.352985571,0.1184767704,15
Canada,2016,CAN,430.730011,135.6799927,667.1300049,603.3300171,20.33786392,-10.57464409,30.93000031,3.00999999,100.7200012,Canada,8.690002441,-2.260009766,661.0800171,0.2959071288,5.087464219,15.0975073,Fossil displacement,Fossil displacement,Fossil displacement,Fossil displacement,2017,1,0.1793670644,-1.441124755,-1.869550902,-0.2821368344,0.1075750885,16
Canada,2017,CAN,440.5599976,128.1900024,669.3499756,607.1099854,19.15141678,-10.25184917,31.51000023,3.309999943,100.5999985,Canada,9.829986572,-7.489990234,667.1300049,0.6265175202,5.202061917,15.02950656,Fossil displacement,Fossil displacement,Fossil displacement,Joint contraction,2018,0,0.3090017299,-1.486753237,-1.815172898,-0.267908103,0.1037860399,17
Canada,2020,CAN,436.7900085,121.5899963,655.8900146,598.25,18.53816795,-9.634767532,35.75999832,4.070000172,97.51000214,Canada,8.08001709,-4.910003662,655.7000122,-1.703853833,6.072664258,14.86682217,Fossil displacement,Fossil displacement,Fossil displacement,Fossil resurgence,2021,0,-0.6047533081,-1.510337611,-1.711219376,-0.1598119796,0.09472115375,20
Canada,2022,CAN,452.4700012,124.9800034,664.0800171,612.9699707,18.82002258,-8.33809185,39.47999954,5.739999771,86.62999725,Canada,17.07998657,-0.04999542236,652.4000244,1.298934994,6.809420273,13.0451143,Fossil displacement,Boundary,Boundary,Fossil resurgence,2023,0,0.5726613622,-1.499498023,-1.492781499,-0.06833454468,-0.006785666978,22
China,2015,CHN,1393.660034,4249.540039,5814.580078,5802.140137,73.08421326,-0.2144036442,185.5899963,39.47999954,171.3800049,China,104.4300537,-122.4599609,5794.450195,0.3302778042,3.870786761,2.947418431,Fossil displacement,Fossil displacement,Fossil displacement,Additive expansion,2016,0,0.1928440486,0.5873987055,-0.1242656613,-0.4332024936,-0.5694362527,15
Germany,2004,DEU,57.97000122,384.5599976,609.5999756,606.9799805,63.083992,-0.4316451848,26.02000046,0.5600000024,167.0700073,Germany,11.30000305,-5.739990234,602.0300293,1.372832282,4.360236471,27.40649836,Fossil displacement,Fossil displacement,Fossil displacement,Additive expansion,2005,0,0.6016370097,0.2028093703,-0.1608621531,-0.3724312164,0.7934405691,4
Germany,2008,DEU,94.37000275,389.4299927,632.289978,612.1900024,61.59041214,-3.283294439,41.38000107,4.510000229,148.4900055,Germany,4.930000305,-11.70001221,631.0999756,-0.3823958847,7.257746112,23.48447874,Fossil displacement,Fossil displacement,Fossil displacement,Fossil displacement,2009,1,-0.08660032951,0.1453691525,-0.6412507485,-0.01266930823,0.574902928,8
Germany,2009,DEU,96.08000183,356.9500122,587.960022,575.6900024,60.70991135,-2.131355524,39.41999817,6.71999979,134.9299927,Germany,1.709999084,-32.47998047,632.289978,-5.962201254,7.847471977,22.94883795,Fossil displacement,Fossil displacement,Fossil displacement,Additive expansion,2010,0,-2.274481355,0.1115067802,-0.447195215,0.06055250245,0.5450566533,9
Germany,2011,DEU,124.4300003,372.6000061,605,601.2299805,61.58677673,-0.6270478964,49.86000061,19.98999977,107.9700012,Germany,19.01999664,-5.639984131,624.210022,-1.317997106,11.54545461,17.84628119,Fossil displacement,Fossil displacement,Fossil displacement,Additive expansion,2012,0,-0.4534561648,0.1452293417,-0.1937796776,0.5197031016,0.2607386675,11
Germany,2014,DEU,161.9299927,359.6900024,618.75,584.8699951,58.13171768,-5.792740345,58.5,35.45000076,97.12999725,Germany,9.979995728,-20.76000977,629.6900024,-2.113808349,15.18383851,15.69777733,Fossil displacement,Fossil displacement,Fossil displacement,Fossil displacement,2015,1,-0.7654993639,0.01235439527,-1.063991796,0.9714537759,0.141022549,14
Germany,2015,DEU,188.1399994,359.2399902,639.1699829,590.8900146,56.20413971,-8.170724869,80.62000275,38.08000183,91.79000092,Germany,26.21000671,-0.450012207,618.75,1.029291908,18.57096043,14.3608122,Fossil displacement,Boundary,Boundary,Additive expansion,2016,0,0.466932407,-0.06177655764,-1.464586871,1.392007146,0.06652592888,15
Germany,2017,DEU,215.6799927,352.4599915,644.460022,592,54.69074631,-8.861486435,105.6900024,38.75999832,76.31999969,Germany,26.54998779,-15.30001831,641.5200195,0.1692047377,22.4141135,11.84247232,Fossil displacement,Fossil displacement,Fossil displacement,Fossil displacement,2018,1,0.1296861636,-0.1199787661,-1.580952507,1.869182463,-0.0737977085,17
Germany,2018,DEU,222.9299927,333.3500061,632.2800293,583.539978,52.72189331,-8.352470398,109.9499969,44.31999969,76,Germany,7.25,-19.10998535,644.460022,-1.429057766,24.39899878,12.01999059,Fossil displacement,Fossil displacement,Fossil displacement,Fossil displacement,2019,1,-0.4970038325,-0.1956970774,-1.495203707,2.115630692,-0.06390626796,18
Germany,2019,DEU,241.1699982,283.8500061,600.0900269,567.4199829,47.3012352,-5.757639885,125.8899994,45.22000122,75.06999969,Germany,18.24000549,-49.5,632.2800293,-2.762449142,28.51405505,12.50978959,Fossil displacement,Fossil displacement,Fossil displacement,Fossil displacement,2020,1,-1.019835992,-0.4041651949,-1.058078776,2.626566177,-0.03661432942,19
Germany,2020,DEU,251.4900055,250.8800049,566.75,547.7199707,44.26643372,-3.474403381,132.1100006,49.5,64.37999725,Germany,10.32000732,-32.97000122,600.0900269,-3.471857319,32.04411127,11.35950547,Fossil displacement,Fossil displacement,Fossil displacement,Fossil resurgence,2021,0,-1.29799994,-0.520877841,-0.673444945,3.064866621,-0.1007089546,20
Germany,2023,DEU,277.1000061,222.3999939,506.7200012,515.9400024,43.89011383,1.787029505,140.5399933,63.86999893,7.21999979,Germany,25.56001282,-58.23001099,566.8800049,-4.388271912,40.33983102,1.424849971,Fossil displacement,Fossil displacement,Fossil displacement,Fossil displacement,2024,1,-1.657332563,-0.5353503823,0.2128955999,4.094883544,-0.6542748186,23
France,2001,FRA,76.08999634,45.43000031,542.5999756,474.2099915,8.3726511,-14.42188072,0.1299999952,0.009999999776,421.0799866,France,8.259994507,-4.13999939,532.5599976,2.403473526,0.02580169578,77.60412929,Fossil displacement,Fossil displacement,Fossil displacement,Fossil resurgence,2002,0,1.005758708,-1.901283898,-2.517656064,-0.9106052757,3.590487224,1
France,2004,FRA,62.41999817,55.63999939,566.2999878,504.3900146,9.825181007,-12.27423191,0.5899999738,0.009999999776,448.2399902,France,0.9499969482,-0.9500007629,559.1300049,2.368487863,0.105950907,79.15239271,Fossil displacement,Fossil displacement,Boundary,Fossil resurgence,2005,0,0.9920405831,-1.845422383,-2.155863325,-0.9006537529,3.676757531,4
France,2006,FRA,60.90999985,56.20000076,567.2999878,503.9599915,9.906575203,-12.5684576,2.180000067,0.009999999776,450.1900024,France,5.930000305,-6.430000305,569.1400146,-0.9532057402,0.3860391528,79.35660358,Fossil displacement,Fossil displacement,Fossil displacement,Additive expansion,2007,0,-0.3104188983,-1.842292118,-2.20542856,-0.8658773089,3.688136302,6
France,2008,FRA,72.33000183,55.20000076,566.9799805,518.9899902,9.735794067,-9.246807098,5.690000057,0.03999999911,439.4500122,France,8.029998779,-2.61000061,561.8400269,2.764190541,1.010617703,77.50714793,Fossil displacement,Fossil displacement,Fossil displacement,Joint contraction,2009,0,1.147198393,-1.848860034,-1.645863593,-0.7883281033,3.585083356,8
France,2012,FRA,85.25,56.91999817,567.5800171,523.0599976,10.02854156,-8.511451721,15.18000031,4.429999828,425.4100037,France,19.23000336,-2.32000351,567.6500244,2.31202714,3.455019476,74.95154707,Fossil displacement,Fossil displacement,Fossil displacement,Fossil displacement,2013,1,0.9699019354,-1.837601526,-1.521985688,-0.48482518,3.442683511,12
France,2013,FRA,99.43000031,53.63999939,576.75,528.289978,9.300390244,-9.172992706,16.13999939,5.190000057,423.6799927,France,14.18000031,-3.279998779,567.5800171,0.999881561,3.698309397,73.45990337,Fossil displacement,Fossil displacement,Fossil displacement,Joint contraction,2014,0,0.4554004027,-1.86560483,-1.633428827,-0.4546177064,3.359568094,13
France,2018,FRA,113.8499985,49.45000076,576.2399902,513.2700195,8.581494331,-12.26839638,28.60000038,11.14999962,412.9400024,France,21.93999481,-16.02000046,555.7399902,-0.4538247681,6.898167547,71.66111506,Fossil displacement,Fossil displacement,Fossil displacement,Fossil resurgence,2019,0,-0.1146080983,-1.893252188,-2.154880271,-0.05731546533,3.259338368,18
France,2020,FRA,125.0299988,48.38999939,527.25,482.2099915,9.177809715,-9.34032917,40.04999924,13.09000015,353.8299866,France,12.12999725,-5.220001221,565.5200195,-5.048737686,10.07871017,67.10857972,Fossil displacement,Fossil displacement,Fossil displacement,Fossil resurgence,2021,0,-1.91630585,-1.870319042,-1.661618314,0.3375885129,3.005667955,20
France,2023,FRA,139.4900055,41.06000137,518.75,468.2799988,7.91518116,-10.77774048,50.47999954,22.59000015,338.2000122,France,26.12000275,-19.2899971,468.4500122,-3.125843607,14.08578307,65.19518308,Fossil displacement,Fossil displacement,Fossil displacement,Fossil displacement,2024,1,-1.162325524,-1.918877315,-1.903764503,0.8351165184,2.899052173,23
United Kingdom,2009,GBR,25.23999977,282.4200134,376.7600098,379.6199951,74.96018982,0.7533849478,9.279999733,0.01999999955,69.09999847,United Kingdom,3.299999237,-32.10998535,388.9599915,-5.09025834,2.468414771,18.34058729,Fossil displacement,Fossil displacement,Fossil displacement,Additive expansion,2010,0,-1.932586391,0.6595451671,0.03876792413,-0.6073244416,0.2882817446,9
United Kingdom,2011,GBR,35.20000076,263.7900085,367.9700012,374.1900024,71.68791199,1.662257075,15.96000004,0.2399999946,68.98000336,United Kingdom,9.020000458,-29.94998169,382.0599976,-2.737055195,4.402532809,18.74609428,Fossil displacement,Fossil displacement,Fossil displacement,Fossil displacement,2012,1,-1.009878847,0.5336996359,0.1918764469,-0.3671795992,0.3108768741,11
United Kingdom,2012,GBR,41.24000168,252.2200012,363.8699951,375.730011,69.31596375,3.156521797,19.84000015,1.350000024,70.41000366,United Kingdom,6.040000916,-11.57000732,367.9700012,0.4115579077,5.823508522,19.35031869,Fossil displacement,Fossil displacement,Fossil displacement,Fossil displacement,2013,1,0.2247145503,0.4424790544,0.4436001572,-0.1907477673,0.3445446751,12
United Kingdom,2013,GBR,53.20999908,234.4600067,358.2799988,372.7099915,65.44043732,3.871643066,28.39999962,2.00999999,70.61000061,United Kingdom,11.96999741,-17.75999451,363.8699951,-0.8037738384,8.487774844,19.70804981,Fossil displacement,Fossil displacement,Fossil displacement,Fossil displacement,2014,1,-0.2518255961,0.2934337388,0.5640694266,0.1400540779,0.3644777002,13
United Kingdom,2014,GBR,64.51000214,209.8200073,338.0799866,358.6000061,62.06223679,5.722253323,31.95000076,4.050000191,63.75,United Kingdom,11.30000305,-24.63999939,358.2799988,-3.785781351,10.64836796,18.85648442,Fossil displacement,Fossil displacement,Fossil displacement,Fossil displacement,2015,1,-1.421091767,0.1635146237,0.8758230759,0.4083186212,0.3170278889,14
United Kingdom,2015,GBR,83.36000061,185.1699982,338.8699951,359.980011,54.6433754,5.864214897,40.27000046,7.53000021,70.33999634,United Kingdom,18.84999847,-24.65000916,338.0799866,0.3848312491,14.10570465,20.75722175,Fossil displacement,Fossil displacement,Fossil displacement,Joint contraction,2016,0,0.214234839,-0.1218005605,0.8997379109,0.8375900305,0.4229382853,15
United Kingdom,2017,GBR,98.88999939,168.9900055,338.2200012,352.980011,49.96452332,4.181540012,49.65000153,11.46000004,70.33999634,United Kingdom,15.87999725,-15.44999695,339.1799927,-1.106654462,18.06812174,20.79711315,Fossil displacement,Fossil displacement,Fossil displacement,Fossil displacement,2018,1,-0.370587224,-0.3017402404,0.6162746402,1.329573461,0.4251610614,17
United Kingdom,2018,GBR,110.1399994,158.5599976,333.7600098,352.8699951,47.50718689,5.415592194,56.90999985,12.67000008,65.05999756,United Kingdom,11.25,-10.43000793,338.2200012,-0.0311677335,20.8473148,19.4930476,Fossil displacement,Fossil displacement,Fossil displacement,Fossil displacement,2019,1,0.05111870491,-0.3962446877,0.8241629677,1.674644892,0.3524976285,18
United Kingdom,2019,GBR,119.7399979,151.2700043,327.1900024,348.3599854,46.233078,6.077046871,63.84000015,12.42000008,56.18000031,United Kingdom,9.599998474,-7.289993286,333.7600098,-1.278093867,23.3075582,17.17045138,Fossil displacement,Fossil displacement,Fossil displacement,Fossil displacement,2020,1,-0.4378098234,-0.4452444726,0.9355915675,1.98011475,0.2230809639,19
United Kingdom,2020,GBR,133.6300049,126.4300003,310.2999878,328.5499878,40.74444199,5.554710388,75.62000275,12.55000019,50.24000168,United Kingdom,13.89000702,-24.84000397,327.1900024,-5.686645537,28.41443971,16.19078429,Fossil displacement,Fossil displacement,Fossil displacement,Fossil resurgence,2021,0,-2.166434016,-0.65632689,0.8475988071,2.614197691,0.168493237,20
United Kingdom,2023,GBR,135.6699982,116.2600021,292.5299988,315.8299866,39.74293137,7.37738657,82.15000153,13.88000011,40.59999847,United Kingdom,0.6100006104,-25.85999298,324.5799866,-1.389413084,32.82740302,13.87891794,Fossil displacement,Fossil displacement,Boundary,Fossil displacement,2024,1,-0.4814588731,-0.6948430681,1.154646685,3.162122046,0.03967444759,23
Indonesia,2020,IDN,52.88999939,238.9299927,291.8200073,293.3699951,81.87580872,0.5283430219,0.4699999988,0.1700000018,0,Indonesia,4.849998474,-8.470001221,295.4400024,-1.262116337,0.21931327,0,Fossil displacement,Fossil displacement,Fossil displacement,Additive expansion,2021,0,-0.4315449215,0.92550661,0.0008573800741,-0.8865784037,-0.7336684428,20
India,2019,IND,282.0400085,1273.780029,1600.97998,1597.839966,79.56252289,-0.1965153068,63.31000137,37.45000076,45.15999985,India,25.96002197,-2.739990234,1571.650024,1.915404679,6.293645353,2.820772302,Fossil displacement,Fossil displacement,Boundary,Fossil displacement,2020,1,0.8143834723,0.8365420725,-0.1212521935,-0.1323744246,-0.5764930625,19
India,2020,IND,297.1600037,1221.660034,1563.430054,1563.319946,78.13973236,-0.007036307361,60.43000031,52.90999985,44.61000061,India,15.11999512,-52.11999512,1600.97998,-2.160417831,7.249444891,2.853341632,Fossil displacement,Fossil displacement,Fossil displacement,Additive expansion,2021,0,-0.7837752705,0.7818242768,-0.08933257705,-0.01370000821,-0.5746782769,20
Italy,2001,ITA,54.34999847,217.5500031,271.8999939,320.2799988,80.01103973,15.10553265,1.179999948,0.01999999955,0,Italy,3.479999542,-1.520004272,269.9400024,1.905879943,0.4413387179,0,Fossil displacement,Fossil displacement,Fossil displacement,Fossil resurgence,2002,0,0.8106487558,0.8537911704,2.456529528,-0.8590111792,-0.7336684428,1
Italy,2008,ITA,58.15999985,253.4100037,311.5700073,351.6000061,81.33324432,11.38509655,4.860000134,0.1899999976,0,Italy,10.43999863,-5.040008545,306.1700134,-0.2411706835,1.620823575,0,Fossil displacement,Fossil displacement,Fossil displacement,Fossil displacement,2009,1,-0.03122493241,0.9046406237,1.829785173,-0.7125634447,-0.7336684428,8
Italy,2009,ITA,69.26000214,217.1000061,286.3599854,331.3200073,75.8136673,13.56996155,6.539999962,0.6800000072,0,Italy,11.10000229,-36.30999756,311.5700073,-5.767917641,2.521301976,0,Fossil displacement,Fossil displacement,Fossil displacement,Additive expansion,2010,0,-2.198301381,0.6923682744,2.197847349,-0.6007578364,-0.7336684428,9
Italy,2011,ITA,82.94999695,215.4199982,298.3699951,344.1000061,72.19895172,13.28974056,9.850000381,10.80000019,0,Italy,5.979995728,-4.240005493,296.6300049,0.9712718905,6.920937397,0,Fossil displacement,Fossil displacement,Fossil displacement,Fossil displacement,2012,1,0.4441823492,0.5533532442,2.150641345,-0.05448830495,-0.7336684428,11
Italy,2012,ITA,92.22000122,203.0299988,295.25,338.3500061,68.76544952,12.73828793,13.40999985,18.86000061,0,Italy,9.270004272,-12.38999939,298.3699951,-1.671025835,10.92972073,0,Fossil displacement,Fossil displacement,Fossil displacement,Fossil displacement,2013,1,-0.5918812185,0.421307333,2.05774368,0.4432520723,-0.7336684428,12
Italy,2013,ITA,112,174.0200043,286.019989,328.1600037,60.84190369,12.8412962,14.89999962,21.59000015,0,Italy,19.77999878,-29.00999451,295.25,-3.011674969,12.75784951,0,Fossil displacement,Fossil displacement,Fossil displacement,Fossil displacement,2014,1,-1.117559196,0.1165829526,2.075096444,0.6702370283,-0.7336684428,13
Italy,2014,ITA,120.6800003,155.8500061,276.5299988,320.25,56.35916901,13.65183449,15.18000031,22.30999947,0,Italy,8.680000305,-18.16999817,286.019989,-2.410410645,13.55729937,0,Fossil displacement,Fossil displacement,Fossil displacement,Fossil resurgence,2015,0,-0.8817992156,-0.05581442814,2.211639657,0.7694986842,-0.7336684428,14
Italy,2018,ITA,114.4100037,171.6499939,286.0599976,329.9599915,60.00489426,13.30464363,17.71999931,22.64999962,0,Italy,10.52000427,-16.55000305,292.0899963,0.03334405018,14.11242371,0,Fossil displacement,Fossil displacement,Fossil displacement,Additive expansion,2019,0,0.07641423014,0.08439317474,2.153151914,0.8384242857,-0.7336684428,18
Italy,2020,ITA,116.9000015,159.9100037,276.8099976,309.0100098,57.76886749,10.42037487,18.76000023,24.94000053,0,Italy,1.069999695,-14.25,289.9899902,-5.826957253,15.78700233,0,Fossil displacement,Fossil displacement,Fossil displacement,Fossil resurgence,2021,0,-2.221451229,-0.001600127281,1.66726824,1.046344076,-0.7336684428,20
Italy,2023,ITA,116.5199966,145.0299988,261.5499878,312.7999878,55.45020294,16.38427162,23.59000015,30.70999908,0,Italy,16.05999756,-34.68000793,280.1700134,-3.205847182,20.76084946,0,Fossil displacement,Fossil displacement,Fossil displacement,Fossil displacement,2024,1,-1.19369549,-0.09077152014,2.671945789,1.663909143,-0.7336684428,23
Japan,2004,JPN,112.4300003,722.8900146,1121.189941,1121.189941,64.47525024,0,1.440000057,1.269999981,285.8699951,Japan,0.3000030518,-27.48999023,1092.589966,2.617631177,0.2417074876,25.49701746,Fossil displacement,Boundary,Boundary,Fossil resurgence,2005,0,1.089731433,0.2563144946,-0.0881472413,-0.8837978827,0.6870429748,4
Japan,2006,JPN,114.4700012,745.5900269,1164.349976,1164.349976,64.03487396,0,2.130000114,2,304.2900085,Japan,11.68000031,-11.64996338,1153.069946,0.9782606279,0.3547043587,26.13389573,Fossil displacement,Fossil displacement,Fossil displacement,Fossil resurgence,2007,0,0.4469226824,0.2393784672,-0.0881472413,-0.8697679139,0.7225302717,6
Japan,2013,JPN,120.5500031,952.6099854,1087.76001,1087.76001,87.57537842,0,5.130000114,12.90999985,14.60000038,Japan,9.220001221,-24.95001221,1106.880005,-1.727377406,1.658454052,1.342207863,Fossil displacement,Fossil displacement,Fossil displacement,Fossil displacement,2014,1,-0.6139770668,1.144701132,-0.0881472413,-0.7078911522,-0.6588796939,13
Japan,2014,JPN,133.8999939,928.8200073,1062.719971,1062.719971,87.40026093,0,5.010000229,23.54999924,0,Japan,13.34999084,-23.78997803,1087.76001,-2.301981948,2.687443565,0,Fossil displacement,Fossil displacement,Fossil displacement,Fossil displacement,2015,1,-0.8392835589,1.137966449,-0.0881472413,-0.580129289,-0.7336684428,14
Japan,2015,JPN,154.0200043,871.5800171,1030.119995,1030.119995,84.60956573,0,5.21999979,34.54000092,4.519999981,Japan,20.12001038,-57.23999023,1062.719971,-3.067597908,3.859744583,0.4387838312,Fossil displacement,Fossil displacement,Fossil displacement,Fossil resurgence,2016,0,-1.139486975,1.030641663,-0.0881472413,-0.4345735176,-0.7092191047,15
Japan,2017,JPN,163.3000031,884.4899902,1076.859985,1076.859985,82.13602448,0,6.21999979,54.04000092,29.06999969,Japan,11.52999878,-9.760009766,1063.699951,1.237194207,5.59589933,2.699515266,Fossil displacement,Fossil displacement,Fossil displacement,Fossil displacement,2018,1,0.5484523645,0.9355140091,-0.0881472413,-0.2190082832,-0.5832495882,17
Japan,2018,JPN,175.3399963,858.4799805,1082.930054,1082.930054,79.27381897,0,7.369999886,61.22000122,49.11000061,Japan,12.03999329,-26.01000977,1076.859985,0.5636822281,6.333742505,4.534918986,Fossil displacement,Fossil displacement,Fossil displacement,Fossil displacement,2019,1,0.2843635689,0.8254390733,-0.0881472413,-0.1273958638,-0.4809796257,18
Japan,2019,JPN,176.4100037,805.3499756,1047.400024,1047.400024,76.89038849,0,7.460000038,67.43000031,65.63999939,Japan,1.070007324,-53.13000488,1082.930054,-3.28091636,7.150085793,6.266946521,Fossil displacement,Boundary,Boundary,Fossil displacement,2020,1,-1.223130644,0.733776907,-0.0881472413,-0.02603667764,-0.3844698555,19
Japan,2020,JPN,193.0299988,775,1011.030029,1011.030029,76.65449524,0,8.409999847,75.91999817,43,Japan,16.61999512,-30.34997559,1047.400024,-3.47240732,8.340998346,4.253088311,Fossil displacement,Fossil displacement,Fossil displacement,Fossil displacement,2021,1,-1.298215599,0.7247049049,-0.0881472413,0.1218299476,-0.4966834255,20
Japan,2021,JPN,208.1399994,765.3099976,1034.670044,1034.670044,73.96657562,0,9.539999962,84.18000031,61.22000122,Japan,15.11000061,-9.690002441,1011.030029,2.33821093,9.05796015,5.916862248,Fossil displacement,Fossil displacement,Fossil displacement,Additive expansion,2022,0,0.9801687841,0.6213326702,-0.0881472413,0.2108496849,-0.4039767929,21
Japan,2023,JPN,222.8600006,706.4099731,1006.72998,1006.72998,70.16876221,0,9.960000038,96.36000061,77.45999908,Japan,9.669998169,-69.20001221,1040.569946,-3.252060656,10.56092524,7.694217972,Fossil displacement,Fossil displacement,Fossil displacement,Fossil displacement,2024,1,-1.211816119,0.4752760481,-0.0881472413,0.3974615195,-0.3049413048,23
South Korea,2014,KOR,12.89000034,371.0799866,540.3800049,540.3800049,68.6701889,0,1.149999976,2.690000057,156.4100037,South Korea,2.660000801,-17.07000732,537.1599731,0.5994548923,0.7106110512,28.94444692,Fossil displacement,Fossil displacement,Fossil displacement,Fossil displacement,2015,1,0.2983902827,0.4176437922,-0.0881472413,-0.8255776655,0.8791361245,14
South Korea,2015,KOR,15.19999981,367.8399963,547.7999878,547.7999878,67.14859772,0,1.340000033,4.230000019,164.7599945,South Korea,2.309999466,-3.239990234,540.3800049,1.373104638,1.016794483,30.07666999,Fossil displacement,Fossil displacement,Fossil displacement,Additive expansion,2016,0,0.6017438026,0.3591263126,-0.0881472413,-0.7875611792,0.9422243756,15
South Korea,2019,KOR,33.00999832,407.8800049,586.7999878,586.7999878,69.50920105,0,2.680000067,14.18999958,145.9100037,South Korea,5.209999084,-23.72000122,592.9099731,-1.030508109,2.874914792,24.86537265,Fossil displacement,Fossil displacement,Fossil displacement,Fossil displacement,2020,1,-0.3407297021,0.4499105906,-0.0881472413,-0.5568524014,0.6518472898,19
South Korea,2020,KOR,40.40000153,376.5299988,577.1099854,577.1099854,65.24406433,0,3.150000095,19.34000015,160.1799927,South Korea,7.390003204,-31.3500061,586.7999878,-1.651329694,3.897004179,27.75553997,Fossil displacement,Fossil displacement,Fossil displacement,Additive expansion,2021,0,-0.5841582226,0.2858816103,-0.0881472413,-0.4299472746,0.8128894087,20
South Korea,2022,KOR,55.49000168,391.0499878,622.5900269,622.5900269,62.81019211,0,3.369999886,30.72999954,176.0500031,South Korea,7.390003204,-10.6000061,607.7600098,2.44011071,5.477119446,28.27703552,Fossil displacement,Fossil displacement,Fossil displacement,Fossil displacement,2023,1,1.020124406,0.1922795513,-0.0881472413,-0.2337562852,0.8419475007,22
South Korea,2023,KOR,59.06999969,377.9299927,617.4899902,617.4899902,61.20423126,0,3.390000105,33.24000168,180.4900055,South Korea,3.579998016,-13.11999512,622.5900269,-0.8191645226,5.932080254,29.2296245,Fossil displacement,Fossil displacement,Fossil displacement,Fossil displacement,2024,1,-0.2578603918,0.1305173764,-0.0881472413,-0.1772672346,0.8950264165,23
Mexico,2008,MEX,47.38999939,212.1000061,269.2900085,268.1900024,78.76267242,-0.4101569951,0.25,0.01999999955,9.800000191,Mexico,11.54000092,-4.88999939,263.2600098,2.327447132,0.1002636529,3.639199331,Fossil displacement,Fossil displacement,Fossil displacement,Fossil resurgence,2009,0,0.9759482231,0.8057813573,-0.1572422545,-0.9013598964,-0.5308897433,8
Mexico,2014,MEX,53.63999939,240.0099945,303.3299866,302.7999878,79.12504578,-0.175033018,6.429999828,0.2199999988,9.680000305,Mexico,13.52000046,-5.190002441,297.1199951,1.921973653,2.192331824,3.191244102,Fossil displacement,Fossil displacement,Fossil displacement,Fossil resurgence,2015,0,0.8169592131,0.8197175416,-0.1176332889,-0.6416035779,-0.555850118,14
Mexico,2019,MEX,57.5,275.8800049,344.5700073,345.3900146,80.06501007,0.2374127656,16.72999954,9.960000038,11.18999958,Mexico,2.259998322,-4.619995117,349.2900085,-1.469160088,7.745885891,3.247525711,Fossil displacement,Fossil displacement,Fossil displacement,Fossil displacement,2020,1,-0.5127282357,0.8558667661,-0.04815270661,0.04793932467,-0.5527140678,19
Mexico,2020,MEX,69.37000275,245.1799927,325.730011,329.7399902,75.27092743,1.216109753,19.70000076,15.84000015,11.18000031,Mexico,11.87000275,-30.70001221,344.5700073,-4.531116636,10.91087702,3.432290525,Fossil displacement,Fossil displacement,Fossil displacement,Fossil displacement,2021,1,-1.713342987,0.6714955398,0.1167185061,0.4409123909,-0.5424188448,20
Mexico,2021,MEX,82.08999634,234.5800018,328.5899963,327.6300049,71.38987732,-0.2930134535,21.06999969,20.19000053,11.92000008,Mexico,12.71999359,-10.59999084,325.730011,-0.6398936781,12.55668179,3.627621111,Fossil displacement,Fossil displacement,Fossil displacement,Additive expansion,2022,0,-0.1875670298,0.522237794,-0.1375082632,0.6452595501,-0.5315348897,21
Russia,2001,RUS,174.0099945,580.3300171,891.2700195,875.4099731,65.11270142,-1.811722517,0,0,136.9299927,Russia,9.849990845,-2.559997559,877.7600098,1.355790294,0,15.36346895,Fossil displacement,Fossil displacement,Fossil displacement,Fossil resurgence,2002,0,0.5949547264,0.2808296445,-0.3933498653,-0.9138088776,0.1223946548,1
Russia,2009,RUS,174.6999969,654.8200073,993.0999756,978.2399902,65.93696594,-1.519054651,0,0,163.5800018,Russia,9.419998169,-56.82000732,1040,-4.316441708,0,16.471655,Fossil displacement,Fossil displacement,Fossil displacement,Fossil resurgence,2010,0,-1.629167434,0.3125292777,-0.3440470611,-0.9138088776,0.1841435471,9
Russia,2013,RUS,181.6399994,704.9299927,1059.079956,1045.400024,66.56060028,-1.308590055,0,0.009999999776,172.5099945,Russia,17.67999268,-22.85003662,1069.27002,-0.7019457227,0.0009442157525,16.28866579,Fossil displacement,Fossil displacement,Fossil displacement,Fossil resurgence,2014,0,-0.211898074,0.3365130586,-0.3085922127,-0.9136916414,0.1739472618,13
Russia,2017,RUS,186.3600006,701.6699829,1091.170044,1080.569946,64.30436707,-0.9809638262,0.1400000006,0.5400000215,203.1399994,Russia,0.6800079346,-7.010009766,1090.969971,0.3808722675,0.06231842835,18.61671336,Fossil displacement,Boundary,Boundary,Additive expansion,2018,0,0.2126824944,0.2497426552,-0.2534003256,-0.9060712686,0.30366768,17
Russia,2020,RUS,216.25,653.2600098,1085.420044,1074.680054,60.18499756,-0.9993671775,1.139999986,1.860000014,215.9100037,Russia,20.02999878,-59.69000244,1118.160034,-2.277825212,0.2763906947,19.89183864,Fossil displacement,Fossil displacement,Fossil displacement,Additive expansion,2021,0,-0.8298115324,0.09131960241,-0.2565005526,-0.8794915306,0.3747185406,20
Saudi Arabia,2018,SAU,0.1599999964,374.6099854,374.769989,374.7399902,99.95730591,-0.008005550131,0,0.1599999964,0,Saudi Arabia,0.08999999613,-20.31002808,394.9899902,-5.119506193,0.04269285191,0,Fossil displacement,Boundary,Boundary,Additive expansion,2019,0,-1.94405468,1.620886323,-0.0894958556,-0.9085080283,-0.7336684428,18
Türkiye,2002,TUR,33.95999908,94.5,128.4600067,131.6100006,73.56375122,2.39343524,0.05000000075,0,0,Turkey,9.619998932,-3.400001526,122.2399979,4.130074568,0.03892262037,0,Fossil displacement,Fossil displacement,Fossil displacement,Additive expansion,2003,0,1.68277115,0.6058408161,0.3150506595,-0.9089761495,-0.7336684428,2
Türkiye,2004,TUR,46.31000137,103.4400024,149.75,149.0700073,69.07512665,-0.4561615288,0.05999999866,0,0,Turkey,10.75,-0.5400009155,139.5399933,6.39498014,0.04006677707,0,Fossil displacement,Fossil displacement,Fossil displacement,Fossil resurgence,2005,0,2.570856594,0.4332169214,-0.1649921744,-0.9088340882,-0.7336684428,4
Türkiye,2009,TUR,38.15000153,156.6600037,194.8099976,194.0800018,80.41681671,-0.3761335611,1.5,0,0,Turkey,3.730003357,-7.289993286,198.3699951,-1.999591794,0.7699810168,0,Fossil displacement,Fossil displacement,Fossil displacement,Fossil displacement,2010,1,-0.7207142477,0.8693965749,-0.1515106696,-0.8182061448,-0.7336684428,9
Türkiye,2010,TUR,55.72000122,155.4600067,211.1799927,210.4100037,73.6149292,-0.3659521639,2.920000076,0,0,Turkey,17.56999969,-1.199996948,194.8099976,8.414056923,1.38270678,0,Fossil displacement,Fossil displacement,Fossil displacement,Additive expansion,2011,0,3.362550836,0.607809023,-0.1497955123,-0.7421286103,-0.7336684428,10
Türkiye,2013,TUR,69.22000122,170.9299927,240.1499939,246.3500061,71.17634583,2.516744375,7.559999943,0,0,Turkey,4.010002136,-3.350006104,239.4900055,1.646313535,3.148032536,0,Fossil displacement,Fossil displacement,Fossil displacement,Fossil resurgence,2014,0,0.7088709373,0.5140257821,0.3358233061,-0.522941432,-0.7336684428,13
Türkiye,2015,TUR,83.65000153,178.1199951,261.769989,265.7099915,68.04446411,1.482819676,11.64999962,0.1899999976,0,Turkey,31.03000259,-21.21000671,251.9499969,3.304692773,4.523054633,0,Fossil displacement,Fossil displacement,Fossil displacement,Additive expansion,2016,0,1.359133129,0.3935796164,0.1616484376,-0.3522153138,-0.7336684428,15
Türkiye,2018,TUR,96.81999969,203.3300018,300.1499939,299.519989,67.74279785,-0.2103365511,19.86000061,7.800000191,0,Turkey,9.580001831,-6.720001221,297.2900085,0.9470518821,9.215392758,0,Fossil displacement,Fossil displacement,Fossil displacement,Fossil displacement,2019,1,0.4346855131,0.3819781105,-0.1235805191,0.2303969038,-0.7336684428,18
Türkiye,2019,TUR,131.4700012,168.7100067,300.1799927,299.6000061,56.20294952,-0.1935914457,21.62999916,9.569999695,0,Turkey,34.65000153,-34.61999512,300.1499939,0.02671510843,10.39376361,0,Fossil displacement,Fossil displacement,Fossil displacement,Fossil resurgence,2020,0,0.07381497534,-0.0618223299,-0.1207596401,0.3767063213,-0.7336684428,19
Türkiye,2022,TUR,134.3500061,186.2100067,320.5599976,323.2900085,58.08897018,0.8444430828,34.68999863,15.15999985,0,Turkey,18.28000641,-25.59999084,327.8800049,-0.8404104667,15.55091055,0,Fossil displacement,Fossil displacement,Fossil displacement,Joint contraction,2023,0,-0.2661910763,0.01071040848,0.05410756996,1.017030341,-0.7336684428,22
United States,2006,USA,381.1600037,2878.560059,4046.939941,4065.360107,71.12930298,0.4530963898,26.59000015,0.5099999905,787.2199707,United States,28.11999512,-21.39990234,4034.98999,0.1376946936,0.6696417672,19.45222766,Fossil displacement,Fossil displacement,Fossil displacement,Fossil resurgence,2007,0,0.1173308532,0.5122166045,-0.01181866129,-0.8306645123,0.3502231135,6
United States,2008,USA,377.1099854,2924.209961,4107.529785,4140.350098,71.19145203,0.7926865816,55.36000061,0.8600000143,806.210022,United States,29.19998169,-64.0300293,4142.569824,-0.8018967749,1.368705854,19.62761232,Fossil displacement,Fossil displacement,Fossil displacement,Fossil displacement,2009,1,-0.2510895863,0.5146067377,0.04538867409,-0.7438669996,0.3599956676,8
United States,2009,USA,415.5599976,2725.409912,3939.820068,3973.870117,69.1760025,0.8568472862,73.88999939,0.8899999857,798.8499756,United States,38.45001221,-198.8000488,4107.529785,-4.02091554,1.898056208,20.27630607,Fossil displacement,Fossil displacement,Fossil displacement,Additive expansion,2010,0,-1.51328954,0.4370964134,0.05619718103,-0.6781415606,0.3961413314,9
United States,2011,USA,509.7399902,2788.929932,4088.870117,4126.120117,68.20783997,0.902785182,120.1800003,1.820000052,790.2000122,United States,85.25997925,-93.56005859,4113.939941,-0.3333350632,2.983709359,19.3256325,Fossil displacement,Fossil displacement,Fossil displacement,Joint contraction,2012,0,-0.06736323548,0.3998627385,0.06393587512,-0.5433442009,0.3431691437,11
United States,2013,USA,520.3800049,2746.209961,4055.610107,4113.490234,67.71385193,1.40707767,167.8399963,9.039999962,789.0200195,United States,28.05999756,-32.81005859,4040.669922,0.6252627408,4.361365901,19.45502646,Fossil displacement,Fossil displacement,Fossil displacement,Additive expansion,2014,0,0.3085097221,0.3808649058,0.1488889456,-0.3722909836,0.3503790646,13
United States,2015,USA,556.4899902,2730.320068,4083.98999,4150.660156,66.85423279,1.606250525,190.7200012,39.02999878,797.1799927,United States,9.659973145,-21.68994141,4096.009766,0.03470390415,5.625625933,19.5196363,Fossil displacement,Fossil displacement,Boundary,Fossil displacement,2016,1,0.07694743846,0.3478056019,0.182441588,-0.2153173552,0.3539791695,15
United States,2016,USA,624.9099731,2656.959961,4087.560059,4154.060059,65.00112152,1.600843549,226.9900055,54.86999893,805.6900024,United States,68.41998291,-73.36010742,4083.98999,0.08191232758,6.895556283,19.71078078,Fossil displacement,Fossil displacement,Fossil displacement,Fossil displacement,2017,1,0.09545819413,0.2765384957,0.1815307293,-0.05763968635,0.3646298719,16
United States,2017,USA,707.1900024,2540.169922,4052.310059,4108.620117,62.6844902,1.370533109,254.3000031,77.27999878,804.9500122,United States,82.2800293,-116.7900391,4087.560059,-1.093868186,8.182493369,19.86397883,Fossil displacement,Fossil displacement,Fossil displacement,Additive expansion,2018,0,-0.365573635,0.1874452971,0.1427326518,0.1021495807,0.373166173,17
United States,2019,USA,760.7600098,2588.209961,4158.379883,4197.419922,62.24082565,0.9300951958,295.8800049,106.8899994,809.4099731,United States,27.59002686,-73.09008789,4201.549805,-1.144364861,9.685743381,19.464551,Fossil displacement,Fossil displacement,Fossil displacement,Fossil displacement,2020,1,-0.3853737373,0.1703828091,0.06853651776,0.2887967916,0.3509097786,19
United States,2020,USA,821.4000244,2431.899902,4043.179932,4090.48999,60.14819717,1.156585217,337.9400024,130.7200012,789.8800049,United States,60.64001465,-156.3100586,4158.379883,-2.547515703,11.59137144,19.53610817,Fossil displacement,Fossil displacement,Fossil displacement,Additive expansion,2021,0,-0.9355590755,0.08990433018,0.1066910078,0.5254042475,0.3548969933,20
United States,2023,USA,964.7399902,2514.300049,4253.910156,4272.810059,59.10562134,0.4423318505,421.1400146,238.9400024,774.8699951,United States,6.599975586,-42.90991211,4286.890137,-1.277466736,15.51701829,18.21547627,Fossil displacement,Fossil displacement,Boundary,Additive expansion,2024,0,-0.4375639211,0.04980886254,-0.01363205467,1.012822196,0.2813104722,23
South Africa,2009,ZAF,1.950000048,234.8000031,249.5599976,247.8000031,94.08559418,-0.7102501988,0.02999999933,0.01999999955,12.81000042,South Africa,0.1900000572,-8.729995728,258.2900085,-2.705249253,0.02003526181,5.133034358,Fossil displacement,Boundary,Boundary,Fossil resurgence,2010,0,-0.9974075126,1.395071548,-0.2077959305,-0.9113212503,-0.4476522241,9
South Africa,2013,ZAF,1.669999957,240.1699982,255.9499969,251.4499969,93.83473206,-1.78962028,0.03999999911,0.05000000075,14.10999966,South Africa,0.1599999666,-3.220001221,257.8699951,-0.5497545522,0.03516311816,5.512795399,Fossil displacement,Boundary,Boundary,Fossil displacement,2014,1,-0.152222843,1.385423872,-0.3896265244,-0.9094429385,-0.4264916767,13
South Africa,2014,ZAF,4.309999943,236.6699982,254.7700043,252.1100006,92.89555359,-1.055095077,1.070000052,1.080000043,13.78999996,South Africa,2.639999986,-3.5,255.9499969,0.2624790893,0.8438984415,5.412725097,Fossil displacement,Fossil displacement,Fossil displacement,Fossil displacement,2015,1,0.1662596945,1.349304869,-0.2658884698,-0.809028376,-0.4320676631,14
South Africa,2015,ZAF,6.519999981,231.2899933,250.0500031,248.5,92.49749756,-0.6237424612,3.069999933,2.400000095,12.23999977,South Africa,2.210000038,-5.380004883,254.7700043,-1.431914879,2.187562472,4.895020845,Fossil displacement,Fossil displacement,Fossil displacement,Fossil displacement,2016,1,-0.4981241268,1.333996397,-0.1932228443,-0.6421957523,-0.4609145015,15
South Africa,2016,ZAF,8.170000076,229.6100006,252.8099976,246.8200073,90.82315063,-2.426869631,4.210000038,3.00999999,15.02999973,South Africa,1.650000095,-1.679992676,250.0500031,-0.6760533907,2.855899726,5.945176171,Fossil displacement,Fossil displacement,Fossil displacement,Fossil displacement,2017,1,-0.201745508,1.269604225,-0.4969774968,-0.5592133586,-0.4023991216,16
South Africa,2017,ZAF,12.13000011,228.8200073,255.1399994,248.5099945,89.68409729,-2.667900801,7.019999981,3.940000057,14.18999958,South Africa,3.960000038,-0.7899932861,252.8099976,0.6847042916,4.295680828,5.561652275,Fossil displacement,Fossil displacement,Fossil displacement,Additive expansion,2018,0,0.3318171732,1.225798417,-0.5375815875,-0.3804466035,-0.4237693379,17
South Africa,2019,ZAF,13.19999981,226.6199951,253.0700073,247.8999939,89.54833984,-2.08551836,6.630000114,5.400000095,13.25,South Africa,0.720000267,-5.620010376,256.2999878,-1.470593051,4.753625424,5.235705384,Fossil displacement,Fossil displacement,Fossil displacement,Fossil displacement,2020,1,-0.5132901109,1.220577446,-0.4394734902,-0.3235870785,-0.4419313237,19
South Africa,2020,ZAF,15.27000046,215.5700073,240.7400055,236.9199982,89.54473877,-1.61235857,6.409999847,6.980000019,9.899999619,South Africa,2.070000648,-11.04998779,253.0700073,-4.42920371,5.562016932,4.112320093,Fossil displacement,Fossil displacement,Fossil displacement,Fossil displacement,2021,1,-1.67338221,1.220438956,-0.3597650315,-0.223215205,-0.5045271278,20
South Africa,2021,ZAF,18.92000008,214.1900024,245.4600067,241.8899994,87.26065063,-1.475877404,8.649999619,7.840000153,12.35000038,South Africa,3.649999619,-1.380004883,240.7400055,2.097755048,6.717998582,5.031369691,Fossil displacement,Fossil displacement,Fossil displacement,Fossil displacement,2022,1,0.8858843374,1.132597305,-0.3367734256,-0.07968568618,-0.4533170496,21
South Africa,2022,ZAF,23.62000084,205.4499969,239.1699982,237.6600037,85.90123749,-0.635361433,9.699999809,10.46000004,10.10000038,South Africa,4.700000763,-8.740005493,245.4600067,-1.748726999,8.429150814,4.222937851,Fossil displacement,Fossil displacement,Fossil displacement,Fossil displacement,2023,1,-0.6223483928,1.080316882,-0.1951801753,0.1327751744,-0.4983634299,22
South Africa,2023,ZAF,28.87999916,195.9700012,232.9499969,232.3999939,84.12535095,-0.2366609424,11.60000038,14.81000042,8.100000381,South Africa,5.259998322,-9.479995728,239.1699982,-2.213249888,11.33719732,3.477141227,Fossil displacement,Fossil displacement,Fossil displacement,Additive expansion,2024,0,-0.8044910927,1.012019691,-0.1280151239,0.4938453651,-0.5399197328,23
