country,year,iso_code,renewables_electricity,fossil_electricity,electricity_generation,electricity_demand,fossil_share_elec,net_elec_imports_share_demand,wind_electricity,solar_electricity,nuclear_electricity,country_source,renewables_change_twh,fossil_change_twh,prior_generation_twh,electricity_demand_growth_pct,wind_solar_share_elec,nuclear_share_elec,state_primary,state_threshold_010,state_threshold_025,next_state,next_year,outcome,z_electricity_demand_growth_pct,z_fossil_share_elec,z_net_elec_imports_share_demand,z_wind_solar_share_elec,z_nuclear_share_elec,year_trend
Argentina,2005,ARG,35.20999908,63.66999817,105.75,109.6299973,60.20803452,3.539177418,0.0700000003,0,6.869999886,Argentina,3.809999466,2.67999649,100.2600021,5.687837372,0.06619385371,6.496453792,Additive expansion,Additive expansion,Additive expansion,Additive expansion,2006,0,0.380649241,-0.6838967931,1.117853003,-0.5944672648,-0.298877673,5
Argentina,2006,ARG,39.13999939,66.56999969,113.4300003,115.7900009,58.68817902,2.038172483,0.0700000003,0,7.71999979,Argentina,3.930000305,2.900001526,105.75,5.618903417,0.06171206921,6.805959419,Additive expansion,Additive expansion,Additive expansion,Fossil resurgence,2007,0,0.3617242582,-0.7679037092,0.6175499307,-0.5953465329,-0.2763676719,6
Argentina,2008,ARG,32.45000076,82.06999969,121.9100037,127.3899994,67.32015228,4.30175066,0.03999999911,0,7.389999866,Argentina,0.1000022888,8.150001526,113.5199966,5.176681391,0.03281108843,6.061848613,Additive expansion,Boundary,Boundary,Fossil displacement,2009,1,0.2403175534,-0.2907889741,1.372027874,-0.6010165317,-0.3304860258,8
Argentina,2020,ARG,36.61999893,98.01000214,144.6399994,149.3500061,67.76133728,3.153665781,9.409999847,1.340000033,10.01000023,Argentina,1.840000153,1.700004578,139.5299988,-0.579147324,7.432245524,6.920630718,Additive expansion,Additive expansion,Additive expansion,Additive expansion,2021,0,-1.339875554,-0.2664033722,0.9893573186,0.8506568327,-0.2680277555,20
Argentina,2021,ARG,37.04000092,105.9400024,153.1499939,155.6499939,69.17401886,1.606167793,12.93999958,2.200000048,10.17000008,Argentina,0.4200019836,7.930000305,144.6399994,4.218270864,9.885733093,6.640548796,Additive expansion,Additive expansion,Additive expansion,Fossil displacement,2022,1,-0.0228024566,-0.1883202762,0.4735575502,1.331999371,-0.2883978031,21
Australia,2003,AUS,18.65999985,207.2899933,225.9499969,225.9499969,91.74153137,0,0.6999999881,0.05999999866,0,Australia,0.7099990845,1.75,223.4900055,1.10071654,0.3363575999,0,Additive expansion,Additive expansion,Additive expansion,Additive expansion,2004,0,-0.8786892627,1.059052998,-0.06179757297,-0.5414646309,-0.7713575541,3
Australia,2004,AUS,19.37999916,209.8500061,229.2299957,229.2299957,91.54561615,0,0.8000000119,0.0700000003,0,Australia,0.7199993134,2.560012817,225.9499969,1.451648074,0.3795314873,0,Additive expansion,Additive expansion,Additive expansion,Additive expansion,2005,0,-0.7823452574,1.048224183,-0.06179757297,-0.5329944724,-0.7713575541,4
Australia,2005,AUS,20.71999931,210.0200043,230.7400055,230.7400055,91.02019501,0,1.299999952,0.07999999821,0,Australia,1.340000153,0.1699981689,229.2299957,0.6587313152,0.5980757206,0,Additive expansion,Boundary,Boundary,Additive expansion,2006,0,-1.000030956,1.0191826,-0.06179757297,-0.4901189195,-0.7713575541,5
Australia,2006,AUS,21.13999939,216.8500061,237.9900055,237.9900055,91.11727142,0,2.160000086,0.1000000015,0,Australia,0.4200000763,6.830001831,230.7400055,3.142064587,0.9496197467,0,Additive expansion,Additive expansion,Boundary,Fossil resurgence,2007,0,-0.3182618641,1.024548301,-0.06179757297,-0.4211505269,-0.7713575541,6
Australia,2009,AUS,20.15999985,229.7400055,249.8999939,249.8999939,91.9327774,0,4.440000057,0.2899999917,0,Australia,1.039999008,3.480010986,245.3800049,1.842036402,1.892757169,0,Additive expansion,Additive expansion,Additive expansion,Fossil displacement,2010,1,-0.6751688671,1.069623733,-0.06179757297,-0.2361191591,-0.7713575541,9
Australia,2015,AUS,35.79999924,218.1900024,253.9900055,253.9900055,85.904953,0,11.82999992,6.199999809,0,Australia,3.040000916,3.300003052,247.6499939,2.560069353,7.098704415,0,Additive expansion,Additive expansion,Additive expansion,Fossil displacement,2016,1,-0.4780416112,0.7364480202,-0.06179757297,0.7852203796,-0.7713575541,15
Brazil,2004,BRA,333.3800049,42.5,387.4899902,424.8699951,10.96802521,8.797986031,0.05999999866,0,11.60999966,Brazil,15.76000977,9.090000153,364.3900146,5.536790026,0.01548427061,2.996206341,Additive expansion,Additive expansion,Additive expansion,Fossil displacement,2005,1,0.3391810206,-3.405537984,2.870677424,-0.6044158293,-0.5534467891,4
Brazil,2010,BRA,437.4100037,63.86999893,515.7999878,550.4500122,12.38270664,6.294849873,2.180000067,0,14.52000046,Brazil,22.30001831,25.77000046,466.1700134,8.752349866,0.4226444588,2.815044746,Additive expansion,Additive expansion,Additive expansion,Fossil displacement,2011,1,1.221974055,-3.32734435,2.036351912,-0.5245362648,-0.566622471,10
Brazil,2017,BRA,467.019989,106.5599976,589.3200073,625.6699829,18.08185577,5.809772015,42.36999893,0.8299999833,15.73999977,Brazil,1.199981689,9.349998474,578.8900146,0.9666263725,7.330482315,2.670874835,Additive expansion,Additive expansion,Boundary,Fossil displacement,2018,1,-0.9155020951,-3.012335493,1.874669604,0.8306922068,-0.5771077888,17
Brazil,2019,BRA,515.4400024,101.7600021,633.3300171,658.289978,16.06745338,3.791641951,55.99000168,6.650000095,16.12999916,Brazil,20.1499939,11.33000183,601.3900146,3.444534324,9.890578385,2.546855309,Additive expansion,Additive expansion,Additive expansion,Fossil displacement,2020,1,-0.2352224586,-3.123677481,1.202002481,1.332949955,-0.5861275915,19
Canada,2007,CAN,379.6499939,161.7100067,634.1900024,603.2399902,25.49866867,-5.130628109,3.00999999,0.02999999933,92.83000183,Canada,15.32998657,14.88000488,608.4299927,2.362041461,0.4793516104,14.63756942,Additive expansion,Additive expansion,Additive expansion,Fossil displacement,2008,1,-0.5324077722,-2.602386272,-1.771897884,-0.5134110549,0.2932166394,7
Canada,2011,CAN,396.6900024,148.6399994,638.2700195,601.5900269,23.28794861,-6.097175598,10.18999958,0.5699999928,92.94000244,Canada,26.01998901,2.309997559,607.0300293,3.364206244,1.685806828,14.56123578,Additive expansion,Additive expansion,Additive expansion,Fossil displacement,2012,1,-0.2572755608,-2.724579319,-2.094059835,-0.2767201401,0.2876649786,11
China,2001,CHN,280.730011,1182.589966,1480.790039,1472.189941,79.86209869,-0.584163785,0.7200000286,0.02999999933,17.46999931,China,55.17001343,69.28991699,1355.599976,9.306156446,0.0506486408,1.179775583,Additive expansion,Additive expansion,Additive expansion,Additive expansion,2002,0,1.374014948,0.4024415603,-0.2565064174,-0.5975170345,-0.6855537841,1
China,2002,CHN,291.4100037,1337.469971,1654.01001,1645.609985,80.86226654,-0.5104489923,0.8399999738,0.05000000075,25.12999916,China,10.67999268,154.8800049,1480.790039,11.77973297,0.05380862082,1.519337792,Additive expansion,Additive expansion,Additive expansion,Fossil resurgence,2003,0,2.053105444,0.4577238002,-0.2319363868,-0.5968970873,-0.6608578011,2
China,2004,CHN,357.4299927,1795.410034,2203.310059,2197.22998,81.48694611,-0.2767120302,1.279999971,0.07999999821,50.47000122,China,70.1499939,215.4500732,1910.579956,15.44803093,0.06172531026,2.290644525,Additive expansion,Additive expansion,Additive expansion,Additive expansion,2005,0,3.060192249,0.4922516905,-0.1540290345,-0.5953439352,-0.6047615177,4
China,2005,CHN,404.3699951,2042.800049,2500.26001,2494.080078,81.70350647,-0.2477867454,1.950000048,0.07999999821,53.09000015,China,46.94000244,247.3900146,2203.310059,13.51019694,0.0811915576,2.123379166,Additive expansion,Additive expansion,Additive expansion,Additive expansion,2006,0,2.528183383,0.5042216233,-0.1443878877,-0.5915249092,-0.6169265417,5
China,2006,CHN,446.7200012,2364.159912,2865.719971,2858.840088,82.49794006,-0.2406570464,3.710000038,0.09000000358,54.84000015,China,42.3500061,321.3598633,2500.26001,14.62503201,0.1326019318,1.913655232,Additive expansion,Additive expansion,Additive expansion,Additive expansion,2007,0,2.834247856,0.5481323216,-0.142011473,-0.5814388585,-0.6321795309,6
China,2007,CHN,500.7099915,2718.699951,3281.540039,3271.22998,82.84829712,-0.3151719868,5.480000019,0.1099999994,62.13000107,China,53.98999023,354.5400391,2865.719971,14.4250773,0.1703468479,1.893318391,Additive expansion,Additive expansion,Additive expansion,Additive expansion,2008,0,2.779352711,0.567497594,-0.1668482025,-0.574033794,-0.6336586068,7
China,2008,CHN,665.0800171,2762.290039,3495.76001,3482.959961,79.01829529,-0.3675035238,13.10000038,0.150000006,68.38999939,China,164.3700256,43.59008789,3281.540039,6.472488383,0.3790306071,1.95636998,Additive expansion,Additive expansion,Additive expansion,Fossil resurgence,2009,0,0.5960656791,0.3558020462,-0.1842909358,-0.5330927386,-0.6290729347,8
China,2010,CHN,786.3800049,3346.040039,4207.160156,4193.649902,79.53203583,-0.3221537471,49.40000153,0.6999999881,74.73999786,China,121.9899902,365.8400879,3714.639893,13.24211347,1.190827058,1.776495191,Additive expansion,Additive expansion,Additive expansion,Additive expansion,2011,0,2.45458431,0.3841980078,-0.1691753075,-0.3738287712,-0.6421550286,10
China,2011,CHN,792.3800049,3833.439941,4713.02002,4700.279785,81.33722687,-0.2710476816,74.09999847,2.609999895,87.19999695,China,6,487.3999023,4207.160156,12.08088168,1.627618768,1.850193646,Additive expansion,Additive expansion,Boundary,Additive expansion,2012,0,2.135782177,0.4839762646,-0.1521410387,-0.2881358852,-0.6367950217,11
China,2012,CHN,999.5599976,3889.659912,4987.540039,4976.759766,77.9875412,-0.2166067958,103.0500031,3.589999914,98.31999969,China,207.1799927,56.2199707,4713.02002,5.882202616,2.138128258,1.971312489,Additive expansion,Additive expansion,Additive expansion,Additive expansion,2013,0,0.4340098662,0.2988292141,-0.133995234,-0.1879805239,-0.6279861825,12
China,2013,CHN,1093.369995,4226.759766,5431.629883,5420.399902,77.81752014,-0.2071802765,138.2599945,8.369999886,111.5,China,93.80999756,337.0998535,4987.540039,8.914236524,2.699557915,2.052790827,Additive expansion,Additive expansion,Additive expansion,Additive expansion,2014,0,1.266418077,0.2894316465,-0.1308532612,-0.07783528442,-0.6220603534,13
China,2014,CHN,1289.22998,4372,5794.450195,5783.040039,75.45150757,-0.1973010749,159.7599945,23.51000023,133.2200012,China,195.8599854,145.2402344,5431.629883,6.690283803,3.162853913,2.299096493,Additive expansion,Additive expansion,Additive expansion,Fossil displacement,2015,1,0.6558587755,0.1586551222,-0.127560404,0.01305740022,-0.6041468154,14
China,2016,CHN,1522.790039,4397.189941,6133.160156,6120.439941,71.69533539,-0.2078282088,240.8600006,66.52999878,213.1799927,China,129.1300049,147.6499023,5814.580078,5.485903429,5.011934982,3.475858892,Additive expansion,Additive expansion,Additive expansion,Additive expansion,2017,0,0.325210721,-0.0489596421,-0.1310692249,0.3758231981,-0.5185621909,16
China,2017,CHN,1667.060059,4689.279785,6604.439941,6591.390137,71.00193024,-0.1979855597,304.6000061,117.8000031,248.1000061,China,144.2700195,292.0898438,6133.160156,7.694711488,6.395697635,3.756563892,Additive expansion,Additive expansion,Additive expansion,Additive expansion,2018,0,0.9316122393,-0.08728619907,-0.1277885511,0.6472995391,-0.4981468275,17
China,2018,CHN,1835.390015,5035.75,7166.140137,7150.919922,70.2714386,-0.2128397524,365.7999878,176.8999939,295,China,168.3299561,346.4702148,6604.439941,8.488797864,7.573114275,4.116581512,Additive expansion,Additive expansion,Additive expansion,Additive expansion,2019,0,1.149619043,-0.127662636,-0.1327396329,0.8782934603,-0.4719631452,18
China,2019,CHN,2014.640015,5140.089844,7503.430176,7486.629883,68.50320435,-0.2244000286,405.2999878,224,348.7000122,China,179.25,104.3398438,7166.140137,4.694640195,8.38683073,4.647208064,Additive expansion,Additive expansion,Additive expansion,Additive expansion,2020,0,0.1079789773,-0.2253981817,-0.1365928126,1.037934108,-0.4333712644,19
China,2020,CHN,2185.01001,5227.859863,7779.069824,7762.029785,67.20417786,-0.2195302248,466.5,261.1000061,366.2000122,China,170.3699951,87.77001953,7503.430176,3.678556395,9.353303448,4.707503859,Additive expansion,Additive expansion,Additive expansion,Additive expansion,2021,0,-0.1709745315,-0.2971992242,-0.1349696482,1.227543559,-0.4289860181,20
China,2021,CHN,2448.800049,5677.959961,8534.259766,8520.019531,66.53137207,-0.1671357602,655.7999878,327,407.5,China,263.7900391,450.1000977,7779.069824,9.765354773,11.51593711,4.774872235,Additive expansion,Additive expansion,Additive expansion,Additive expansion,2022,0,1.500082291,-0.3343871932,-0.1175059403,1.651824322,-0.4240863908,21
China,2022,CHN,2670.659912,5760.27002,8848.709961,8835.759766,65.09728241,-0.1465635151,762.6699829,427.269989,417.7799988,China,221.8598633,82.31005859,8534.259766,3.7058628,13.44760962,4.721366172,Additive expansion,Additive expansion,Additive expansion,Additive expansion,2023,0,-0.1634778886,-0.4136535773,-0.1106489626,2.030793492,-0.4279778274,22
China,2023,CHN,2894.219971,6127.509766,9456.450195,9439.370117,64.79714203,-0.1809442788,885.8699951,584.1500244,434.7200012,China,223.5600586,367.2397461,8848.709961,6.831448201,15.54515689,4.597073873,Additive expansion,Additive expansion,Additive expansion,Additive expansion,2024,0,0.6946137524,-0.4302432253,-0.1221084864,2.442305147,-0.4370174685,23
Germany,2000,DEU,35.40999985,363.9299927,568.9500122,572.0100098,63.9651947,0.5349556804,9.350000381,0,169.6100006,Germany,6.700000763,13.36999512,549.2700195,3.943234232,1.643378185,29.81105492,Additive expansion,Additive expansion,Additive expansion,Additive expansion,2001,0,-0.09831043495,-0.4762274188,0.1165096159,-0.2850440915,1.396767416,0
Germany,2001,DEU,37.88000107,369.7600098,578.9400024,582.5999756,63.86845016,0.6282183528,10.46000004,0.1000000015,171.3000031,Germany,2.470001221,5.83001709,568.9500122,1.851360228,1.824023214,29.5885588,Additive expansion,Additive expansion,Additive expansion,Additive expansion,2002,0,-0.6726091236,-0.481574776,0.147595191,-0.2496038723,1.38058552,1
Germany,2002,DEU,44.49000168,374.4299927,583.7600098,593.7600098,64.14108276,1.684182167,15.85999966,0.200000003,164.8399963,Germany,6.61000061,4.66998291,578.9400024,1.915556925,2.751130497,28.2376308,Additive expansion,Additive expansion,Additive expansion,Additive expansion,2003,0,-0.6549846973,-0.4665055645,0.4995606831,-0.0677174105,1.282334025,2
Germany,2003,DEU,46.66999817,390.2999878,602.0300293,598.7600098,64.83065033,-0.5461286306,19.09000015,0.3100000024,165.0599976,Germany,2.17999649,15.86999512,583.7600098,0.8420910667,3.222430645,27.4172366,Additive expansion,Additive expansion,Additive expansion,Fossil displacement,2004,1,-0.949691756,-0.4283911223,-0.2438288411,0.02474558471,1.222667664,3
Germany,2005,DEU,63.43000031,386.8599854,613.3400269,608.7700195,63.0743103,-0.7506940365,27.77000046,1.309999943,163.0500031,Germany,5.459999084,2.299987793,609.5999756,0.2949090777,4.74125267,26.58394951,Additive expansion,Additive expansion,Additive expansion,Additive expansion,2006,0,-1.099913948,-0.5254692388,-0.3120129614,0.3227188283,1.162063618,5
Germany,2006,DEU,72.55999756,390.3699951,630.2000122,613.2199707,61.94382477,-2.76899004,31.31999969,2.269999981,167.2700043,Germany,9.129997253,3.510009766,613.3400269,0.7309741001,5.330053796,26.54236767,Additive expansion,Additive expansion,Additive expansion,Additive expansion,2007,0,-0.9801975743,-0.5879545235,-0.9847353942,0.4382339963,1.159039416,6
Germany,2007,DEU,89.44000244,401.1300049,631.0999756,614.539978,63.56045151,-2.694698572,40.50999832,3.140000105,140.5299988,Germany,16.88000488,10.76000977,630.2000122,0.2152583718,6.916495027,22.26747017,Additive expansion,Additive expansion,Additive expansion,Fossil displacement,2008,1,-1.121781085,-0.4985987742,-0.9599731509,0.7494732536,0.848130861,7
Germany,2010,DEU,105.4100037,378.2399902,624.210022,609.2600098,60.59498978,-2.453796387,38.54999924,11.96000004,140.5599976,Germany,9.330001831,21.28997803,587.960022,5.831264601,8.09182767,22.51806165,Additive expansion,Additive expansion,Additive expansion,Fossil displacement,2011,1,0.4200254508,-0.6625086294,-0.8796775431,0.9800583215,0.8663561016,10
Germany,2012,DEU,143.3999939,376.9500122,619.8099976,599.2700195,60.81702805,-3.427503586,51.68000031,26.73999977,99.45999908,Germany,18.96999359,4.350006104,605,-0.3259918835,12.65226447,16.04685298,Additive expansion,Additive expansion,Additive expansion,Additive expansion,2013,0,-1.270374792,-0.6502359165,-1.204225912,1.874757056,0.3957122707,12
Germany,2013,DEU,151.9499969,380.4500122,629.6900024,597.5,60.41862106,-5.387447357,52.74000168,30.62000084,97.29000092,Germany,8.550003052,3.5,619.8099976,-0.2953626034,13.23826044,15.45045984,Additive expansion,Additive expansion,Additive expansion,Fossil displacement,2014,1,-1.261965894,-0.6722570507,-1.857498841,1.989721891,0.3523372584,13
Germany,2016,DEU,189.1300049,367.7600098,641.5200195,591,57.32635117,-8.548223495,79.91999817,37.56000137,84.62999725,Germany,0.9900054932,8.520019531,639.1699829,0.01861350655,18.31275657,13.19210542,Additive expansion,Additive expansion,Boundary,Fossil displacement,2017,1,-1.175767553,-0.843175969,-2.911023701,2.98527242,0.1880896456,16
Germany,2022,DEU,251.5399933,280.6300049,566.8800049,539.6199951,49.50430298,-5.051702976,124.8099976,60.29999924,34.70999908,Germany,19.03999329,3.429992676,578.8300171,-3.682285566,32.6541764,6.122988778,Additive expansion,Additive expansion,Additive expansion,Fossil displacement,2023,1,-2.191804599,-1.275523746,-1.745591184,5.798873561,-0.3260393694,22
France,2007,FRA,64.30000305,57.81000137,561.8400269,505.0299988,10.28940582,-11.24883747,4.070000172,0.01999999955,439.730011,France,3.390003204,1.61000061,567.2999878,0.2123198949,0.7279652527,78.26605261,Additive expansion,Additive expansion,Additive expansion,Fossil displacement,2008,1,-1.122587809,-3.443047288,-3.811170954,-0.4646362727,4.920845671,7
France,2010,FRA,76.68000031,57.15999985,562.3599854,531.6500244,10.16430759,-5.77635622,9.93999958,0.6200000048,428.519989,France,8.529998779,6.180000305,528.8699951,5.708438747,1.877800672,76.20029877,Additive expansion,Additive expansion,Additive expansion,Fossil resurgence,2011,0,0.3863050992,-3.449961837,-1.987126862,-0.2390534304,4.770605685,10
France,2016,FRA,99,56.63999939,558.8400269,517.3400269,10.13527966,-8.021803856,21.37999916,8.659999847,403.2000122,France,7.160003662,11.77000046,574.1400146,1.423314083,5.375420078,72.14945115,Additive expansion,Additive expansion,Additive expansion,Fossil resurgence,2017,0,-0.7901240118,-3.451566297,-2.735561677,0.4471342742,4.47599203,16
United Kingdom,2000,GBR,9.909999847,282.0899963,377.0599976,391.230011,74.81302643,3.621910334,0.9399999976,0,85.05999756,United Kingdom,0.2899999619,18.69000244,368.1499939,2.311774889,0.2492971951,22.55874347,Additive expansion,Boundary,Boundary,Fossil resurgence,2001,0,-0.546207851,0.123364378,1.145428883,-0.5585447566,0.8693148451,0
United Kingdom,2002,GBR,11.11999989,288.269989,387.2399902,395.6499939,74.44220734,2.125616074,1.25,0,87.84999847,United Kingdom,1.579999924,3.129974365,384.769989,0.1214617639,0.3227972398,22.68618962,Additive expansion,Additive expansion,Additive expansion,Fossil resurgence,2003,0,-1.147531809,0.1028681082,0.6466959354,-0.5441249982,0.8785838628,2
United Kingdom,2004,GBR,14.14000034,299.7799988,393.9200134,401.4100037,76.10174561,1.86592257,1.940000057,0,80,United Kingdom,3.450000763,0.950012207,398.2099915,0.2597618597,0.4924857817,20.30869143,Additive expansion,Additive expansion,Boundary,Additive expansion,2005,0,-1.109563192,0.1945957048,0.5601369544,-0.5108343003,0.7056710553,4
United Kingdom,2005,GBR,16.93000031,299.7999878,398.3500061,406.6700134,75.26044464,2.045884609,2.900000095,0.009999999776,81.62000275,United Kingdom,2.789999962,0.01998901367,393.9200134,1.310383328,0.7305133803,20.48951964,Additive expansion,Boundary,Boundary,Additive expansion,2006,0,-0.8211277836,0.1480945081,0.6201204754,-0.464136363,0.7188224908,5
United Kingdom,2006,GBR,18.10000038,303.7200012,397.269989,404.7900085,76.45178223,1.857753396,4.21999979,0.009999999776,75.44999695,United Kingdom,1.170000076,3.920013428,398.3500061,-0.4622924781,1.064767012,18.99212098,Additive expansion,Additive expansion,Additive expansion,Additive expansion,2007,0,-1.30779447,0.2139432659,0.55741407,-0.3985601224,0.6099183468,6
United Kingdom,2007,GBR,19.68000031,314.1000061,396.8099976,402.019989,79.15627289,1.29595542,5.269999981,0.009999999776,63.02999878,United Kingdom,1.579999924,10.38000488,397.269989,-0.6843102529,1.330611631,15.8841761,Additive expansion,Additive expansion,Additive expansion,Additive expansion,2008,0,-1.368746763,0.363428477,0.3701600196,-0.3464048453,0.3838809611,7
United Kingdom,2008,GBR,21.94000053,314.5299988,388.9599915,399.980011,80.86435699,2.755137682,7.130000114,0.01999999955,52.49000168,United Kingdom,2.260000229,0.4299926758,396.8099976,-0.5074319892,1.838235364,13.49496165,Additive expansion,Additive expansion,Boundary,Fossil displacement,2009,1,-1.320186977,0.4578393458,0.8565230901,-0.2468156323,0.2101160435,8
United Kingdom,2010,GBR,26.18000031,293.7399902,382.0599976,384.7200012,76.88320923,0.691411972,10.28999996,0.03999999911,62.13999939,United Kingdom,0.9400005341,11.31997681,376.7600098,1.343450337,2.703763814,16.26446102,Additive expansion,Additive expansion,Boundary,Fossil displacement,2011,1,-0.8120496366,0.2377895144,0.1686583875,-0.07701014137,0.4115386622,10
United Kingdom,2022,GBR,135.0599976,142.1199951,324.5799866,320.2799988,43.78581619,-1.342575312,80.20999908,13.34000015,47.40000153,United Kingdom,12.56999969,2.809997559,307.8999939,-3.715733323,28.82186306,14.60348866,Additive expansion,Additive expansion,Additive expansion,Fossil displacement,2023,1,-2.200987276,-1.591601452,-0.5092941386,5.047023233,0.2907379838,22
Indonesia,2001,IDN,22.19000053,83.97000122,106.1600037,106.1600037,79.09758759,0,0,0,0,Indonesia,2.590000153,5.529998779,98.04000092,8.282336465,0,0,Additive expansion,Additive expansion,Additive expansion,Fossil resurgence,2002,0,1.092937564,0.3601847664,-0.06179757297,-0.607453643,-0.7713575541,1
Indonesia,2004,IDN,20.96999931,103.8099976,124.7799988,124.7799988,83.19441986,0,0,0,0,Indonesia,1.149999619,6.239997864,117.3899994,6.295254645,0,0,Additive expansion,Additive expansion,Additive expansion,Additive expansion,2005,0,0.5474083015,0.5866288234,-0.06179757297,-0.607453643,-0.7713575541,4
Indonesia,2005,IDN,22.65999985,110.2300034,132.8899994,132.8899994,82.94830322,0,0,0,0,Indonesia,1.690000534,6.420005798,124.7799988,6.499439565,0,0,Additive expansion,Additive expansion,Additive expansion,Fossil resurgence,2006,0,0.6034648,0.5730252276,-0.06179757297,-0.607453643,-0.7713575541,5
Indonesia,2007,IDN,24.29000092,124.1100006,148.3999939,148.3999939,83.63208008,0,0,0,0,Indonesia,3.11000061,7.290000916,138,7.536227461,0,0,Additive expansion,Additive expansion,Additive expansion,Additive expansion,2008,0,0.8881023679,0.6108196002,-0.06179757297,-0.607453643,-0.7713575541,7
Indonesia,2008,IDN,26.34000015,129.5599976,155.8999939,155.8999939,83.10455322,0,0,0,0,Indonesia,2.049999237,5.449996948,148.3999939,5.053908564,0,0,Additive expansion,Additive expansion,Additive expansion,Additive expansion,2009,0,0.2066117596,0.581661628,-0.06179757297,-0.607453643,-0.7713575541,8
Indonesia,2009,IDN,26.79000092,136.0800018,162.8699951,162.8699951,83.55130005,0,0,0,0,Indonesia,0.4500007629,6.520004272,155.8999939,4.470815583,0,0,Additive expansion,Additive expansion,Additive expansion,Additive expansion,2010,0,0.04653063922,0.6063546486,-0.06179757297,-0.607453643,-0.7713575541,9
Indonesia,2010,IDN,34.63000107,142.9299927,177.5599976,177.5599976,80.49672699,0,0,0,0,Indonesia,7.840000153,6.849990845,162.8699951,9.019465145,0,0,Additive expansion,Additive expansion,Additive expansion,Fossil resurgence,2011,0,1.295307321,0.4375193463,-0.06179757297,-0.607453643,-0.7713575541,10
Indonesia,2012,IDN,31.11000061,177.8500061,208.9600067,208.9600067,85.11198425,0,0,0,0,Indonesia,0.6500015259,16.43000793,191.8800049,8.901397434,0,0,Additive expansion,Additive expansion,Additive expansion,Additive expansion,2013,0,1.26289326,0.6926182882,-0.06179757297,-0.607453643,-0.7713575541,12
Indonesia,2013,IDN,35.5,189.6799927,225.1799927,225.1799927,84.23483276,0,0,0.009999999776,0,Indonesia,4.38999939,11.82998657,208.9600067,7.762244181,0.004440891776,0,Additive expansion,Additive expansion,Additive expansion,Fossil resurgence,2014,0,0.9501525227,0.6441355268,-0.06179757297,-0.6065823975,-0.7713575541,13
Indonesia,2016,IDN,39.58000183,217.9700012,257.5499878,258.2399902,84.63211823,0.2671933174,0.009999999776,0.01999999955,0,Indonesia,6.020000458,8.25,243.2799988,6.144928834,0.01164822394,0,Additive expansion,Additive expansion,Additive expansion,Additive expansion,2017,0,0.5061381696,0.6660946712,0.02726118661,-0.6051684121,-0.7713575541,16
Indonesia,2017,IDN,43.18999863,222.6399994,265.8299866,266.9500122,83.7527771,0.4195542037,0,0.02999999933,0,Indonesia,3.609996796,4.669998169,257.5499878,3.372840111,0.01128540829,0,Additive expansion,Additive expansion,Additive expansion,Additive expansion,2018,0,-0.2549052372,0.6174908821,0.07804491008,-0.6052395918,-0.7713575541,17
Indonesia,2018,IDN,48.38000107,235.4100037,283.7900085,285.2900085,82.95217896,0.525780797,0.1899999976,0.09000000358,0,Indonesia,5.190002441,12.77000427,265.8299866,6.870198726,0.09866450289,0,Additive expansion,Additive expansion,Additive expansion,Fossil resurgence,2019,0,0.70525224,0.5732394509,0.1134515165,-0.5880969432,-0.7713575541,18
Indonesia,2021,IDN,56.20000076,253.1600037,309.3599854,310.3299866,81.83346558,0.3125705123,0.4399999976,0.1899999976,0,Indonesia,3.310001373,14.23001099,291.8200073,5.781092728,0.2036462455,0,Additive expansion,Additive expansion,Additive expansion,Additive expansion,2022,0,0.4062513705,0.5114048482,0.04238595368,-0.5675008827,-0.7713575541,21
Indonesia,2022,IDN,65.41000366,268.1300049,333.5400085,334.3399963,80.38916016,0.2392773926,0.3600000143,0.4399999976,0,Indonesia,9.210002899,14.97000122,309.3599854,7.73692869,0.2398512896,0,Additive expansion,Additive expansion,Additive expansion,Fossil resurgence,2023,0,0.9432024611,0.4315738088,0.01795647174,-0.5603979212,-0.7713575541,22
India,2003,IND,74.62999725,545.3599854,638.1300049,639.8200073,85.46220398,0.2641367912,2.599999905,0.01999999955,18.13999939,India,1.849998474,27.84997559,609.6400146,4.718574371,0.4105746296,2.842680841,Additive expansion,Additive expansion,Additive expansion,Additive expansion,2004,0,0.1145498158,0.71197597,0.02624240952,-0.5269042092,-0.5646125285,3
India,2004,IND,109.1999969,567.8599854,698.3200073,700.0200195,81.31801605,0.2428501993,5.230000019,0.01999999955,21.26000023,India,34.56999969,22.5,638.1300049,9.408898052,0.7518043252,3.044449537,Additive expansion,Additive expansion,Additive expansion,Fossil resurgence,2005,0,1.402221413,0.4829144259,0.01914733136,-0.4599593549,-0.549938115,4
India,2006,IND,127.5599976,599.2399902,744.4299927,747.1699829,80.49649048,0.3667171001,9.340000153,0.009999999776,17.62999916,India,20.08999634,19.91998291,704.5200195,5.820949079,1.255994552,2.368254817,Additive expansion,Additive expansion,Additive expansion,Additive expansion,2007,0,0.417193449,0.4375062736,0.06043366534,-0.3610437514,-0.5991170072,6
India,2007,IND,141.75,636.6799927,796.2600098,801.2000122,79.9588089,0.6165751219,11.68000031,0.05999999866,17.82999992,India,14.19000244,37.44000244,744.4299927,7.231290139,1.474392806,2.239218309,Additive expansion,Additive expansion,Additive expansion,Fossil resurgence,2008,0,0.804385517,0.4077870198,0.1437143615,-0.3181968377,-0.6085016893,7
India,2010,IND,141.5299988,771.7800293,936.3900146,941.9400024,82.42079163,0.589209497,19.45999908,0.1099999994,23.07999992,India,8.279998779,43.22003174,878.6300049,6.562738027,2.089941026,2.464784925,Additive expansion,Additive expansion,Additive expansion,Additive expansion,2011,0,0.6208426266,0.5438680989,0.1345930682,-0.1974342358,-0.5920964794,10
India,2011,IND,171.9400024,828.1599731,1032.319946,1037.439941,80.22319031,0.4935225248,23.95000076,0.8299999833,32.22000122,India,30.41000366,56.37994385,936.3900146,10.13864351,2.400418672,3.121125513,Additive expansion,Additive expansion,Additive expansion,Fossil resurgence,2012,0,1.602564197,0.4224001635,0.1026994448,-0.136522536,-0.5443615562,11
India,2013,IND,182.9900055,924.9299927,1141.22998,1145.180054,81.04676819,0.3449239433,30.01000023,3.430000067,33.31000137,India,21.16000366,31.47998047,1088.420044,4.768264535,2.930171908,2.918780784,Additive expansion,Additive expansion,Additive expansion,Additive expansion,2014,0,0.1281916488,0.4679217529,0.05316974296,-0.03259180062,-0.559077864,13
India,2014,IND,198.5,1025.48999,1258.680054,1259.25,81.47344208,0.04526503757,33.45000076,4.909999847,34.68999863,India,15.50999451,100.5599976,1141.22998,9.960874355,3.047637126,2.756061679,Additive expansion,Additive expansion,Additive expansion,Fossil resurgence,2015,0,1.553759826,0.4915052828,-0.04671018928,-0.009546643734,-0.5709122441,14
India,2016,IND,201.3999939,1155.630005,1394.930054,1393.839966,82.84501648,-0.07820123434,43.45000076,12.19999981,37.90000153,India,9.729995728,75.05004883,1310.560059,6.347227701,3.989447387,2.716982219,Additive expansion,Additive expansion,Additive expansion,Additive expansion,2017,0,0.5616768748,0.5673162634,-0.08786298881,0.1752243522,-0.5737544499,16
India,2017,IND,225.9600067,1199.02002,1462.390015,1460.800049,81.99044037,-0.1088444665,52.63000107,22.36000061,37.40999985,India,24.56001282,43.39001465,1394.930054,4.804000793,5.12790712,2.558141089,Additive expansion,Additive expansion,Additive expansion,Additive expansion,2018,0,0.1380026059,0.52008131,-0.09807674817,0.398575432,-0.5853067892,17
India,2018,IND,256.0799866,1276.52002,1571.650024,1567.810059,81.22164917,-0.2449276298,60.31000137,37.45000076,39.04999924,India,30.11997986,77.5,1462.390015,7.32543854,6.220214464,2.484649803,Additive expansion,Additive expansion,Additive expansion,Fossil displacement,2019,1,0.8302328208,0.4775879428,-0.14343491,0.6128720098,-0.5906517289,18
India,2021,IND,315.4500122,1319.349976,1678.719971,1678.689941,78.59262085,-0.001787107787,68.08999634,65.58999634,43.91999817,India,18.29000854,97.68994141,1563.430054,7.379807018,7.963209767,2.616279006,Additive expansion,Additive expansion,Additive expansion,Additive expansion,2022,0,0.8451590286,0.3322737589,-0.06239323758,0.9548251521,-0.5810784829,21
India,2022,IND,364.3500061,1394.069946,1804.609985,1802.880005,77.25048065,-0.09595757723,70.05000305,95.91999817,46.18999863,India,48.8999939,74.7199707,1678.719971,7.398034647,9.197001156,2.559555749,Additive expansion,Additive expansion,Additive expansion,Additive expansion,2023,0,0.8501632033,0.258089694,-0.09378139234,1.19687907,-0.5852039025,22
India,2023,IND,369.9700012,1500.089966,1918.26001,1916.199951,78.20055389,-0.1075044349,82.11000061,115.4199982,48.20000076,India,5.619995117,106.0200195,1804.609985,6.285495761,10.29735269,2.512693822,Additive expansion,Additive expansion,Additive expansion,Additive expansion,2024,0,0.5447291181,0.3106030568,-0.09763009944,1.412753815,-0.5886121185,23
Italy,2004,ITA,53.86999893,239.8399963,293.7099915,339.3399963,81.65878296,13.44669151,1.840000033,0.02999999933,0,Italy,7.009998322,0.4299926758,286.269989,0.6227037612,0.6366824715,0,Additive expansion,Additive expansion,Boundary,Fossil resurgence,2005,0,-1.009921885,0.5017496224,4.420147104,-0.4825447741,-0.7713575541,4
Italy,2006,ITA,50.63999939,254.9700012,305.6099854,350.6000061,83.42986298,12.83228779,2.970000029,0.03999999911,0,Italy,2.209999084,8.770004272,294.6300049,1.983829004,0.9849154713,0,Additive expansion,Additive expansion,Additive expansion,Fossil resurgence,2007,0,-0.6362414246,0.5996424619,4.215358922,-0.4142259621,-0.7713575541,6
Italy,2010,ITA,76.97000122,219.6600037,296.6300049,340.7900085,74.05184937,12.95812607,9.119999886,1.909999967,0,Italy,7.709999084,2.559997559,286.3599854,2.858264219,3.718436999,0,Additive expansion,Additive expansion,Additive expansion,Fossil displacement,2011,1,-0.3961758199,0.08129186671,4.25730234,0.1220556183,-0.7713575541,10
Italy,2019,ITA,115.8300018,174.1600037,289.9899902,328.1300049,60.05724716,11.6234417,20.20000076,23.69000053,0,Italy,1.419998169,2.510009766,286.0599976,-0.5546086252,15.13500561,0,Additive expansion,Additive expansion,Additive expansion,Fossil displacement,2020,1,-1.333138751,-0.6922312568,3.81243592,2.361838768,-0.7713575541,19
Japan,2002,JPN,98.63999939,690.1699829,1103.069946,1103.069946,62.5681076,0,0.4099999964,0.6899999976,314.2600098,Japan,0.3199996948,25.88995361,1083.140015,1.840014345,0.09972169016,28.48958136,Additive expansion,Boundary,Boundary,Additive expansion,2003,0,-0.6757239986,-0.5534485616,-0.06179757297,-0.5878895368,1.300658109,2
Japan,2003,JPN,112.1299973,750.3800049,1092.589966,1092.589966,68.67901611,0,0.8299999833,0.9499999881,230.0800018,Japan,13.48999786,60.21002197,1103.069946,-0.9500739735,0.1629156433,21.05822029,Additive expansion,Additive expansion,Additive expansion,Fossil displacement,2004,1,-1.441708976,-0.2156805444,-0.06179757297,-0.5754917002,0.7601834581,3
Japan,2008,JPN,101.9800034,829.9799805,1183.699951,1183.699951,70.11743164,0,2.940000057,2.589999914,251.7400055,Japan,0.2200012207,30.63995361,1180.109985,0.3042060371,0.4671792008,21.26721432,Additive expansion,Boundary,Boundary,Joint contraction,2009,0,-1.097361581,-0.1361750569,-0.06179757297,-0.5157991243,0.7753833623,8
Japan,2010,JPN,118.2399979,745.4400024,1156.040039,1156.040039,64.48219299,0,3.930000067,3.980000019,292.3599854,Japan,20.95999908,3.349975586,1114.02002,3.771926787,0.6842323638,25.28978024,Additive expansion,Additive expansion,Additive expansion,Fossil resurgence,2011,0,-0.1453408205,-0.4476513916,-0.06179757297,-0.4732161001,1.067940122,10
Japan,2022,JPN,213.1900024,775.6099854,1040.569946,1040.569946,74.53703308,0,9.420000076,91.06999969,51.77000046,Japan,5.050003052,10.29998779,1034.670044,0.5702206591,9.657207584,4.975158147,Additive expansion,Additive expansion,Additive expansion,Fossil displacement,2023,1,-1.024330486,0.1081094081,-0.06179757297,1.287165621,-0.4095198185,22
South Korea,2002,KOR,3.430000067,209.4799957,332.0100098,332.0100098,63.09448242,0,0.009999999776,0.009999999776,119.0999985,South Korea,0.9900000095,14.16999817,309.8800049,7.141475582,0.00602391463,35.87241197,Additive expansion,Additive expansion,Additive expansion,Additive expansion,2003,0,0.7797280174,-0.524354266,-0.06179757297,-0.6062718288,1.837603193,2
South Korea,2003,KOR,5.110000134,212.9900055,347.769989,347.769989,61.24450302,0,0.01999999955,0.009999999776,129.6699982,South Korea,1.680000067,3.510009766,332.0100098,4.746838585,0.008626391085,37.28613804,Additive expansion,Additive expansion,Additive expansion,Fossil resurgence,2004,0,0.1223094135,-0.6266081082,-0.06179757297,-0.6057612566,1.940421923,3
South Korea,2007,KOR,4.460000038,278.0100098,425.4100037,425.4100037,65.35107422,0,0.3799999952,0.0700000003,142.9400024,South Korea,0.4800000191,27.75001526,402.9899902,5.563416951,0.1057803041,33.60052684,Additive expansion,Additive expansion,Boundary,Fossil resurgence,2008,0,0.3464911204,-0.3996257522,-0.06179757297,-0.586700915,1.672371507,7
South Korea,2009,KOR,4.610000134,300.0700073,452.4500122,452.4500122,66.32113647,0,0.6899999976,0.5699999928,147.7700043,South Korea,0.1700000763,12.86001587,442.6099854,2.223182301,0.2784838007,32.65996249,Additive expansion,Boundary,Boundary,Additive expansion,2010,0,-0.5705298739,-0.3460075374,-0.06179757297,-0.552818722,1.603965305,9
South Korea,2010,KOR,5.690000057,340.7399902,495.0299988,495.0299988,68.83219147,0,0.8199999928,0.7699999809,148.6000061,South Korea,1.079999924,40.66998291,452.4500122,9.410981417,0.3211926505,30.01838403,Additive expansion,Additive expansion,Boundary,Additive expansion,2011,0,1.402793375,-0.2072140888,-0.06179757297,-0.5444397979,1.411846232,10
South Korea,2011,KOR,7.400000095,356.0400085,518.1599731,518.1599731,68.71237183,0,0.8600000143,0.9200000167,154.7200012,South Korea,1.710000038,15.30001831,495.0299988,4.672438927,0.3435232599,29.85950464,Additive expansion,Additive expansion,Additive expansion,Additive expansion,2012,0,0.1018838881,-0.2138368754,-0.06179757297,-0.540058821,1.40029111,11
South Korea,2012,KOR,8.170000076,372.7099915,531.210022,531.210022,70.1624527,0,0.9100000262,1.129999995,150.3300018,South Korea,0.7699999809,16.66998291,518.1599731,2.51853665,0.3840289033,28.29954173,Additive expansion,Additive expansion,Boundary,Additive expansion,2013,0,-0.4894439122,-0.1336866096,-0.06179757297,-0.5321121375,1.286836737,12
South Korea,2013,KOR,10.22999954,388.1499939,537.1599731,537.1599731,72.25966644,0,1.149999976,1.669999957,138.7799988,South Korea,2.059999466,15.44000244,531.210022,1.120075098,0.524983259,25.83587864,Additive expansion,Additive expansion,Additive expansion,Fossil displacement,2014,1,-0.8733746049,-0.01776739284,-0.06179757297,-0.5044587154,1.107657253,13
South Korea,2016,KOR,18.12999916,380.8599854,560.9799805,560.9799805,67.89190674,0,1.679999948,5.519999981,161.9900055,South Korea,2.929999352,13.01998901,547.7999878,2.405986303,1.283468248,28.87625426,Additive expansion,Additive expansion,Additive expansion,Additive expansion,2017,0,-0.5203432476,-0.2591864114,-0.06179757297,-0.3556537674,1.3287804,16
South Korea,2017,KOR,22.32999992,405.6499939,576.4099731,576.4099731,70.3752594,0,2.170000076,7.739999771,148.4299927,South Korea,4.200000763,24.79000854,560.9799805,2.750542482,1.719262384,25.75076761,Additive expansion,Additive expansion,Additive expansion,Additive expansion,2018,0,-0.4257495192,-0.1219241528,-0.06179757297,-0.2701565926,1.101467222,17
South Korea,2018,KOR,27.79999924,431.6000061,592.9099731,592.9099731,72.79351807,0,2.460000038,10.17000008,133.5099945,South Korea,5.469999313,25.95001221,576.4099731,2.862545891,2.130171643,22.51775152,Additive expansion,Additive expansion,Additive expansion,Fossil displacement,2019,1,-0.3950003389,0.01174016795,-0.06179757297,-0.189541509,0.8663335466,18
South Korea,2021,KOR,48.09999847,401.6499939,607.7600098,607.7600098,66.08693695,0,3.180000067,24.71999931,158.0099945,South Korea,7.699996948,25.11999512,577.1099854,5.310950285,4.590627704,25.99874818,Additive expansion,Additive expansion,Additive expansion,Fossil displacement,2022,1,0.2771794532,-0.3589524389,-0.06179757297,0.2931681574,1.119502574,21
Mexico,2004,MEX,32.47000122,193.7299957,235.3899994,234.1199951,82.30171204,-0.5424568653,0.01999999955,0.009999999776,9.18999958,Mexico,5.640001297,6.159988403,224.8999939,4.50385948,0.01274480624,3.904158887,Additive expansion,Additive expansion,Additive expansion,Additive expansion,2005,0,0.05560244122,0.5372862172,-0.2426049974,-0.6049532768,-0.4874124072,4
Mexico,2005,MEX,35.88000107,201.2899933,247.9700012,246.3000031,81.17514038,-0.6780349016,0.01999999955,0.009999999776,10.80000019,Mexico,3.409999847,7.559997559,235.3899994,5.202463774,0.01209823736,4.355365624,Additive expansion,Additive expansion,Additive expansion,Additive expansion,2006,0,0.2473957946,0.4750172643,-0.2877947943,-0.6050801253,-0.4545966415,5
Mexico,2006,MEX,38,207.3800049,256.25,255.4700012,80.9287796,-0.3053196073,0.05000000075,0.009999999776,10.86999989,Mexico,2.119998932,6.090011597,247.9700012,3.723101119,0.02341463435,4.241951175,Additive expansion,Additive expansion,Additive expansion,Fossil resurgence,2007,0,-0.1587453169,0.4614001742,-0.1635642854,-0.6028599945,-0.4628451486,6
Mexico,2010,MEX,46.47000122,223.2200012,275.5700073,274.6199951,81.00301361,-0.3459325731,1.24000001,0.02999999933,5.880000114,Mexico,11.56999969,0.8600006104,267.7600098,2.907895598,0.4608629296,2.133759102,Additive expansion,Additive expansion,Additive expansion,Fossil resurgence,2011,0,-0.3825501258,0.4655033078,-0.1771010774,-0.517038295,-0.6161716205,10
Mexico,2016,MEX,48.97999954,260.7999878,320.3500061,320.6099854,81.41094971,0.08109541237,10.38000011,0.25,10.56999969,Mexico,0.7399978638,10.25999451,310.3599854,3.526101206,3.318245641,3.299515996,Additive expansion,Additive expansion,Boundary,Additive expansion,2017,0,-0.2128292585,0.4880511443,-0.03476749264,0.04354324817,-0.5313874142,16
Mexico,2017,MEX,50.77999878,267.4299927,329.0899963,329.4400024,81.26348114,0.1062408909,10.61999989,1.190000057,10.88000011,Mexico,1.799999237,6.630004883,320.3500061,2.754130406,3.588683969,3.306086552,Additive expansion,Additive expansion,Additive expansion,Additive expansion,2018,0,-0.4247644981,0.4799001198,-0.02638620096,0.09659975143,-0.5309095449,17
Mexico,2018,MEX,55.24000168,280.5,349.2900085,350.5400085,80.30576324,0.356592685,12.43999958,3.210000038,13.55000019,Mexico,4.460002899,13.07000732,329.0899963,6.404809965,4.480517403,3.879297964,Additive expansion,Additive expansion,Additive expansion,Fossil displacement,2019,1,0.5774853884,0.4269642144,0.05705907549,0.27156594,-0.4892205145,18
Mexico,2022,MEX,83.12999725,246.1699982,340.1499939,339.8800049,72.37100983,-0.07943980396,20.53000069,20.34000015,10.85000038,Mexico,1.040000916,11.58999634,328.5899963,3.738973787,12.01528784,3.189769389,Additive expansion,Additive expansion,Additive expansion,Fossil resurgence,2023,0,-0.154387668,-0.01161311416,-0.08827581902,1.749790477,-0.5393691633,22
Russia,2004,RUS,176.1399994,611.0599976,931.9099731,924.289978,65.57070923,-0.8244165778,0.009999999776,0,144.7100067,Russia,20.08999634,1.159973145,916.289978,2.367899959,0.001073065002,15.52832472,Additive expansion,Additive expansion,Boundary,Fossil resurgence,2005,0,-0.5307993925,-0.3874858745,-0.3365855748,-0.6072431215,0.358000285,4
Russia,2006,RUS,173.8099976,661.8699951,992.1199951,976.3099976,66.71269226,-1.619362712,0.009999999776,0,156.4400024,Russia,0.7399902344,30.27996826,954.1099854,3.671967316,0.00100794257,15.76825416,Additive expansion,Boundary,Boundary,Additive expansion,2007,0,-0.1727834834,-0.3243650891,-0.6015507218,-0.6072558977,0.3754500875,6
Russia,2007,RUS,177.5299988,681.1099854,1018.700012,1005.900024,66.86070251,-1.27249229,0.009999999776,0,160.0599976,Russia,3.720001221,19.23999023,992.1199951,3.030802402,0.0009816432371,15.71218177,Additive expansion,Additive expansion,Additive expansion,Fossil resurgence,2008,0,-0.3488075503,-0.3161841239,-0.4859346209,-0.6072610573,0.3713720041,7
Russia,2012,RUS,163.9600067,727.7800293,1069.27002,1052.790039,68.06326294,-1.565364361,0.009999999776,0,177.5299988,Russia,0.3400115967,9.480041504,1054.859985,1.98389818,0.0009352174468,16.60291559,Additive expansion,Boundary,Boundary,Fossil displacement,2013,1,-0.6362224329,-0.2497150466,-0.5835524193,-0.6072701654,0.4361540876,12
Russia,2016,RUS,185.6799927,708.6799927,1090.969971,1076.469971,64.95870972,-1.346995354,0.150000006,0.4699999988,196.6100006,Russia,16.71998596,5.559997559,1067.550049,1.949062475,0.05683016228,18.02157767,Additive expansion,Additive expansion,Additive expansion,Fossil displacement,2017,1,-0.6457861542,-0.4213129006,-0.510767392,-0.5963043,0.5393318075,16
Russia,2018,RUS,192,712.6099854,1109.189941,1096.589966,64.24598694,-1.149016619,0.2399999946,0.6200000048,204.5800018,Russia,5.63999939,10.94000244,1091.170044,1.482552757,0.07753406043,18.44409097,Additive expansion,Additive expansion,Additive expansion,Additive expansion,2019,0,-0.7738607508,-0.4607072,-0.4447786886,-0.5922424628,0.5700607315,18
Russia,2019,RUS,196.2200012,712.9500122,1118.160034,1099.72998,63.76099777,-1.675866008,0.3100000024,0.9900000095,208.9900055,Russia,4.220001221,0.3400268555,1109.189941,0.286343551,0.1162624286,18.69052721,Additive expansion,Boundary,Boundary,Fossil displacement,2020,1,-1.10226551,-0.487513988,-0.6203839528,-0.5846444577,0.5879837663,19
Russia,2021,RUS,220.2400055,714.4400024,1157.069946,1135.72998,61.74562073,-1.878967762,2.579999924,2.309999943,222.3899994,Russia,3.990005493,61.17999268,1085.420044,5.680753685,0.42261921,19.22009988,Additive expansion,Additive expansion,Additive expansion,Fossil resurgence,2022,0,0.3787045007,-0.598909848,-0.6880802203,-0.5245412183,0.6264989992,21
Russia,2023,RUS,209.1000061,751.7700195,1178.25,1161.719971,63.80394745,-1.422890306,4.75,2.630000114,217.3800049,Russia,3.990005493,13.64001465,1166.939941,0.9717116537,0.6263526513,18.4493957,Additive expansion,Additive expansion,Additive expansion,Additive expansion,2024,0,-0.9141059927,-0.4851400322,-0.536064096,-0.4845713513,0.5704465389,23
Saudi Arabia,2011,SAU,0.009999999776,259.1400146,259.1499939,259.0799866,99.99614716,-0.02701868303,0,0.009999999776,0,Saudi Arabia,0.009999999776,10.37001038,248.7700043,4.144383215,0.003858769057,0,Additive expansion,Boundary,Boundary,Additive expansion,2012,0,-0.04308741649,1.515310067,-0.07080322633,-0.6066966024,-0.7713575541,11
Saudi Arabia,2012,SAU,0.02999999933,281.6000061,281.6300049,281.5799866,99.98934937,-0.01775694452,0,0.02999999933,0,Saudi Arabia,0.01999999955,22.45999146,259.1499939,8.684576643,0.01065227384,0,Additive expansion,Boundary,Boundary,Additive expansion,2013,0,1.203367737,1.514934333,-0.06771617703,-0.6053638046,-0.7713575541,12
Saudi Arabia,2013,SAU,0.03999999911,294.6799927,294.7200012,294.6700134,99.98642731,-0.01696813293,0,0.03999999911,0,Saudi Arabia,0.009999999776,13.07998657,281.6300049,4.648777427,0.01357220377,0,Additive expansion,Boundary,Boundary,Additive expansion,2014,0,0.09538790963,1.514772822,-0.0674532566,-0.6047909521,-0.7713575541,13
Saudi Arabia,2017,SAU,0.0700000003,394.9200134,394.9899902,394.9599915,99.98228455,-0.0075957058,0,0.0700000003,0,Saudi Arabia,0.01999999955,37.31002808,357.6600037,10.65164699,0.01772196816,0,Additive expansion,Boundary,Boundary,Fossil displacement,2018,1,1.743403091,1.514543839,-0.06432931345,-0.603976822,-0.7713575541,17
Saudi Arabia,2019,SAU,0.2199999988,378.3299866,378.5499878,378.8500061,99.9418869,0.07918701321,0.009999999776,0.2099999934,0,Saudi Arabia,0.06000000238,3.720001221,374.769989,1.096764684,0.05811649724,0,Additive expansion,Boundary,Boundary,Additive expansion,2020,0,-0.8797741969,1.512310942,-0.03540358513,-0.5960519377,-0.7713575541,19
Saudi Arabia,2020,SAU,0.9200000167,379.980011,380.8999939,380.5299988,99.75846863,-0.09723281115,0.009999999776,0.9100000262,0,Saudi Arabia,0.7000000179,1.650024414,378.5499878,0.4434453342,0.2415332215,0,Additive expansion,Additive expansion,Boundary,Additive expansion,2021,0,-1.059135117,1.502172871,-0.0942064432,-0.5600679479,-0.7713575541,20
Saudi Arabia,2021,SAU,1,391.9500122,392.9500122,392.9100037,99.74551392,-0.01018044818,0.009999999776,0.9900000095,0,Saudi Arabia,0.07999998331,11.97000122,380.8999939,3.253358453,0.2544852979,0,Additive expansion,Boundary,Boundary,Additive expansion,2022,0,-0.28770748,1.501456825,-0.0651908393,-0.5575269179,-0.7713575541,21
Saudi Arabia,2022,SAU,2.00999999,407.8299866,409.8399963,409.7999878,99.50955963,-0.009760859422,0.7900000215,1.220000029,0,Saudi Arabia,1.00999999,15.87997437,392.9500122,4.298690279,0.4904353084,0,Additive expansion,Additive expansion,Additive expansion,Additive expansion,2023,0,-0.0007242797277,1.488414933,-0.0650509853,-0.5112365766,-0.7713575541,22
Saudi Arabia,2023,SAU,4.71999979,424.5299988,429.25,429.2099915,98.90040588,-0.009319446981,1.590000033,3.130000114,0,Saudi Arabia,2.7099998,16.70001221,409.8399963,4.736457843,1.099592347,0,Additive expansion,Additive expansion,Additive expansion,Additive expansion,2024,0,0.1194595065,1.454745201,-0.0649038572,-0.3917278419,-0.7713575541,23
Türkiye,2003,TUR,35.56000137,103.9800034,139.5399933,140.1100006,74.5162735,0.4068232179,0.05999999866,0,0,Turkey,1.600002289,9.480003357,128.4600067,6.45847577,0.0429984245,0,Additive expansion,Additive expansion,Additive expansion,Fossil displacement,2004,1,0.5922186857,0.1069619644,0.07380151874,-0.5990179081,-0.7713575541,3
Türkiye,2006,TUR,44.52000046,131.7299957,176.25,174.5899963,74.74042511,-0.9507989883,0.1299999952,0,0,Turkey,4.779998779,9.839996338,161.6300049,8.79914938,0.07375886254,0,Additive expansion,Additive expansion,Additive expansion,Fossil resurgence,2007,0,1.234822295,0.1193514881,-0.3787103586,-0.5929831078,-0.7713575541,6
Türkiye,2011,TUR,58.09000015,171.3000031,229.3899994,230.3000031,74.67631531,0.3951367736,4.71999979,0,0,Turkey,2.369998932,15.83999634,211.1799927,9.452972313,2.057631023,0,Additive expansion,Additive expansion,Additive expansion,Additive expansion,2012,0,1.414321467,0.1158079494,0.06990628572,-0.2037730408,-0.7713575541,11
Türkiye,2012,TUR,65.20999908,174.2799988,239.4900055,242.3600006,72.77130127,1.184188724,5.860000134,0,0,Turkey,7.119998932,2.979995728,229.3899994,5.236646721,2.446866257,0,Additive expansion,Additive expansion,Additive expansion,Fossil displacement,2013,1,0.2567803089,0.01051217977,0.33290683,-0.1274101204,-0.7713575541,12
Türkiye,2016,TUR,90.23999786,184.1600037,274.3999939,279.2799988,67.1137085,1.747350335,15.52000046,1.039999962,0,Turkey,6.589996338,6.040008545,261.769989,5.10707454,6.03498571,0,Additive expansion,Additive expansion,Additive expansion,Fossil resurgence,2017,0,0.2212078349,-0.3021997337,0.5206153964,0.5765325232,-0.7713575541,16
United States,2002,USA,336.3399963,2727.830078,3844.22998,3865.209961,70.95907593,0.5427907109,10.35000038,0.5500000119,780.0599976,United States,56.27999878,49.15014648,3727.570068,3.083258488,0.2835418393,20.29170995,Additive expansion,Additive expansion,Additive expansion,Additive expansion,2003,0,-0.3344063667,-0.08965488369,0.1191211262,-0.5518264002,0.7044360115,2
United States,2003,USA,349.1799927,2756.030029,3868.939941,3875.360107,71.23475647,0.1656620204,11.18999958,0.5299999714,763.7299805,United States,12.83999634,28.19995117,3844.22998,0.2626027198,0.3029253421,19.74003195,Additive expansion,Additive expansion,Additive expansion,Fossil resurgence,2004,0,-1.108783268,-0.07441720341,-0.006580420861,-0.5480236076,0.6643130818,3
United States,2005,USA,353.0400085,2899.959961,4034.98999,4059.77002,71.87031555,0.6103793979,17.80999947,0.5500000119,781.9899902,United States,7.899993896,81.67993164,3951.949951,2.435116786,0.4550197032,19.38022132,Additive expansion,Additive expansion,Boundary,Fossil displacement,2006,1,-0.5123458262,-0.03928797007,0.1416492519,-0.5181846605,0.6381444536,5
United States,2010,USA,424.480011,2882.48999,4113.939941,4139.919922,70.06640625,0.627548337,94.65000153,1.210000038,806.9699707,United States,8.920013428,157.0800781,3939.820068,4.178541316,2.330126422,19.61550198,Additive expansion,Additive expansion,Boundary,Fossil displacement,2011,1,-0.03370972318,-0.1389953814,0.1473718666,-0.1503129666,0.6552561554,10
United States,2014,USA,546.8300171,2752.01001,4096.009766,4149.220215,67.18758392,1.282409668,181.6499939,28.92000008,797.1699829,United States,26.45001221,5.800048828,4055.610107,0.8686049664,5.140856737,19.46211138,Additive expansion,Additive expansion,Boundary,Fossil displacement,2015,1,-0.9424126858,-0.29811642,0.365645057,0.4011159794,0.6441002274,14
United States,2018,USA,733.1699829,2661.300049,4201.549805,4246.009766,63.34091568,1.047100782,272.6700134,93.36000061,807.0800171,United States,25.97998047,121.130127,4052.310059,3.343936517,8.711785676,19.2091027,Additive expansion,Additive expansion,Additive expansion,Fossil displacement,2019,1,-0.262840369,-0.5107331698,0.2872137636,1.101686066,0.6256991865,18
United States,2021,USA,861.5800171,2512.389893,4153.620117,4192.930176,60.48675156,0.9375305772,378.2000122,164.4199982,779.6500244,United States,40.17999268,80.48999023,4043.179932,2.504349987,13.06378521,18.77037385,Additive expansion,Additive expansion,Additive expansion,Additive expansion,2022,0,-0.4933386887,-0.6684912765,0.2506926909,1.955492105,0.5937909237,21
United States,2022,USA,958.1400146,2557.209961,4286.890137,4328.100098,59.65186691,0.952149868,434.2999878,205.0700073,771.539978,United States,96.55999756,44.82006836,4153.620117,3.223757998,14.91454119,17.99766155,Additive expansion,Additive expansion,Additive expansion,Fossil displacement,2023,1,-0.2958339269,-0.7146378242,0.2555654771,2.318586499,0.5375924151,22
South Africa,2001,ZAF,2.140000105,197.2299957,210.0899963,212.2899933,93.8788147,1.036318302,0,0,10.72000027,South Africa,0.560000062,1.159988403,210.6600037,-4.79842681,0,5.102575303,Additive expansion,Additive expansion,Additive expansion,Additive expansion,2002,0,-2.498227668,1.177186979,0.2836198327,-0.607453643,-0.40025291,1
South Africa,2002,ZAF,2.559999943,206.0299988,220.5800018,222.8300018,93.40375519,1.009738326,0,0.01999999955,11.98999977,South Africa,0.4199998379,8.800003052,210.0899963,4.964910678,0.00906700489,5.435669449,Additive expansion,Additive expansion,Boundary,Fossil resurgence,2003,0,0.1821784673,1.150929033,0.2747604057,-0.6056748139,-0.3760273421,2
South Africa,2004,ZAF,1.360000014,229.8800049,244.6100006,241.1699982,93.9781723,-1.4263798,0.009999999776,0.01999999955,13.36999989,South Africa,0.09000003338,9.570007324,234.2400055,3.876469859,0.01226442061,5.465843527,Additive expansion,Boundary,Boundary,Additive expansion,2005,0,-0.1166397856,1.182678768,-0.5372271866,-0.6050475222,-0.3738328149,4
South Africa,2005,ZAF,1.789999962,231.8500061,244.9299927,242.5899963,94.65970612,-0.9645904303,0.009999999776,0.01999999955,11.28999996,South Africa,0.4299999475,1.970001221,244.6100006,0.58879553,0.01224839759,4.609480382,Additive expansion,Additive expansion,Boundary,Additive expansion,2006,0,-1.01923098,1.220349161,-0.3833072127,-0.6050506658,-0.4361151569,5
South Africa,2006,ZAF,3.339999914,240.4400024,253.8099976,250.8500061,94.73228455,-1.179988027,0.009999999776,0.01999999955,10.02999973,South Africa,1.549999952,8.589996338,244.9299927,3.404925962,0.0118198651,3.951774883,Additive expansion,Additive expansion,Additive expansion,Fossil resurgence,2007,0,-0.2460964552,1.224360786,-0.4551018329,-0.6051347383,-0.4839493486,6
South Africa,2011,ZAF,3.529999971,246.0500031,262.480011,259.4100037,93.74047089,-1.183454752,0.03999999911,0.01999999955,12.89999962,South Africa,1.939999938,1.580001831,259.5899963,0.8906380633,0.02285888302,4.914659814,Additive expansion,Additive expansion,Additive expansion,Joint contraction,2012,0,-0.9363637657,1.169540307,-0.4562573343,-0.6029690257,-0.4139197952,11
South Africa,2018,ZAF,12.47999954,232.2400055,256.2999878,251.6000061,90.61257172,-1.868044376,6.409999847,4.539999962,11.57999992,South Africa,0.3499994278,3.419998169,255.1399994,1.243415422,4.272337234,4.518142987,Additive expansion,Additive expansion,Boundary,Fossil displacement,2019,1,-0.8395130118,0.9966520531,-0.6844393239,0.2307236826,-0.4427580244,18
