period,regime,n,period_n,share,share_pct
2000–2004,Additive expansion,40,95,0.4210526316,42.10526316
2000–2004,Boundary,5,95,0.05263157895,5.263157895
2000–2004,Fossil displacement,14,95,0.1473684211,14.73684211
2000–2004,Fossil resurgence,31,95,0.3263157895,32.63157895
2000–2004,Joint contraction,5,95,0.05263157895,5.263157895
2005–2009,Additive expansion,37,95,0.3894736842,38.94736842
2005–2009,Boundary,5,95,0.05263157895,5.263157895
2005–2009,Fossil displacement,22,95,0.2315789474,23.15789474
2005–2009,Fossil resurgence,26,95,0.2736842105,27.36842105
2005–2009,Joint contraction,5,95,0.05263157895,5.263157895
2010–2014,Additive expansion,36,95,0.3789473684,37.89473684
2010–2014,Boundary,1,95,0.01052631579,1.052631579
2010–2014,Fossil displacement,30,95,0.3157894737,31.57894737
2010–2014,Fossil resurgence,24,95,0.2526315789,25.26315789
2010–2014,Joint contraction,4,95,0.04210526316,4.210526316
2015–2019,Additive expansion,30,95,0.3157894737,31.57894737
2015–2019,Boundary,2,95,0.02105263158,2.105263158
2015–2019,Fossil displacement,42,95,0.4421052632,44.21052632
2015–2019,Fossil resurgence,15,95,0.1578947368,15.78947368
2015–2019,Joint contraction,6,95,0.06315789474,6.315789474
2020–2024,Additive expansion,35,95,0.3684210526,36.84210526
2020–2024,Boundary,0,95,0,0
2020–2024,Fossil displacement,44,95,0.4631578947,46.31578947
2020–2024,Fossil resurgence,15,95,0.1578947368,15.78947368
2020–2024,Joint contraction,1,95,0.01052631579,1.052631579
