omitted_country,omitted_iso_code,n,annual_change,annual_change_pp,clustered_se,p_value
Argentina,ARG,316,0.0203417003,2.03417003,0.004589594373,9.330471227e-06
Australia,AUS,311,0.01888711167,1.888711167,0.004600459443,4.034695766e-05
Brazil,BRA,312,0.02128314936,2.128314936,0.004360940611,1.05869065e-06
Canada,CAN,316,0.01960441533,1.960441533,0.004540334633,1.575672214e-05
China,CHN,307,0.02117893978,2.117893978,0.004445593998,1.897649922e-06
France,FRA,317,0.02031016307,2.031016307,0.00451380907,6.809366716e-06
Germany,DEU,306,0.01856921471,1.856921471,0.004551779006,4.51227652e-05
India,IND,313,0.0200841376,2.00841376,0.004569080085,1.104350085e-05
Indonesia,IDN,313,0.02041972812,2.041972812,0.004571099752,7.927342376e-06
Italy,ITA,315,0.0198348488,1.98348488,0.004560061945,1.363310789e-05
Japan,JPN,312,0.01887759077,1.887759077,0.004582792878,3.801359351e-05
South Korea,KOR,311,0.018474631,1.8474631,0.004383972757,2.507428666e-05
Mexico,MEX,315,0.01922455014,1.922455014,0.004567412682,2.564263199e-05
Russia,RUS,314,0.02130790254,2.130790254,0.004306698106,7.512667144e-07
Saudi Arabia,SAU,318,0.02003511742,2.003511742,0.004424446846,5.946681523e-06
South Africa,ZAF,310,0.01826567937,1.826567937,0.004422341432,3.622607368e-05
Türkiye,TUR,315,0.02049109706,2.049109706,0.004484849752,4.901513859e-06
United Kingdom,GBR,309,0.01801741072,1.801741072,0.004268579531,2.432875543e-05
United States,USA,310,0.02056554357,2.056554357,0.00453853291,5.861635377e-06
