omitted_country,omitted_iso_code,metric,numerator,denominator,probability,probability_pct
Argentina,ARG,p_AD,41,160,0.25625,25.625
Argentina,ARG,p_AA,79,160,0.49375,49.375
Argentina,ARG,p_DD,63,138,0.4565217391,45.65217391
Argentina,ARG,p_DA,35,138,0.2536231884,25.36231884
Australia,AUS,p_AD,42,159,0.2641509434,26.41509434
Australia,AUS,p_AA,78,159,0.4905660377,49.05660377
Australia,AUS,p_DD,59,134,0.4402985075,44.02985075
Australia,AUS,p_DA,34,134,0.2537313433,25.37313433
Brazil,BRA,p_AD,40,161,0.248447205,24.8447205
Brazil,BRA,p_AA,81,161,0.5031055901,50.31055901
Brazil,BRA,p_DD,61,133,0.4586466165,45.86466165
Brazil,BRA,p_DA,31,133,0.2330827068,23.30827068
Canada,CAN,p_AD,42,163,0.2576687117,25.76687117
Canada,CAN,p_AA,81,163,0.4969325153,49.69325153
Canada,CAN,p_DD,61,134,0.4552238806,45.52238806
Canada,CAN,p_DA,36,134,0.2686567164,26.86567164
China,CHN,p_AD,43,145,0.2965517241,29.65517241
China,CHN,p_AA,63,145,0.4344827586,43.44827586
China,CHN,p_DD,65,144,0.4513888889,45.13888889
China,CHN,p_DA,35,144,0.2430555556,24.30555556
France,FRA,p_AD,43,163,0.263803681,26.3803681
France,FRA,p_AA,81,163,0.4969325153,49.69325153
France,FRA,p_DD,63,136,0.4632352941,46.32352941
France,FRA,p_DA,35,136,0.2573529412,25.73529412
Germany,DEU,p_AD,38,154,0.2467532468,24.67532468
Germany,DEU,p_AA,75,154,0.487012987,48.7012987
Germany,DEU,p_DD,59,134,0.4402985075,44.02985075
Germany,DEU,p_DA,32,134,0.2388059701,23.88059701
India,IND,p_AD,43,152,0.2828947368,28.28947368
India,IND,p_AA,72,152,0.4736842105,47.36842105
India,IND,p_DD,64,143,0.4475524476,44.75524476
India,IND,p_DA,35,143,0.2447552448,24.47552448
Indonesia,IDN,p_AD,44,151,0.2913907285,29.13907285
Indonesia,IDN,p_AA,72,151,0.4768211921,47.68211921
Indonesia,IDN,p_DD,65,144,0.4513888889,45.13888889
Indonesia,IDN,p_DA,35,144,0.2430555556,24.30555556
Italy,ITA,p_AD,42,162,0.2592592593,25.92592593
Italy,ITA,p_AA,81,162,0.5,50
Italy,ITA,p_DD,60,135,0.4444444444,44.44444444
Italy,ITA,p_DA,34,135,0.2518518519,25.18518519
Japan,JPN,p_AD,42,160,0.2625,26.25
Japan,JPN,p_AA,80,160,0.5,50
Japan,JPN,p_DD,58,134,0.4328358209,43.28358209
Japan,JPN,p_DA,35,134,0.2611940299,26.11940299
South Korea,KOR,p_AD,41,154,0.2662337662,26.62337662
South Korea,KOR,p_AA,74,154,0.4805194805,48.05194805
South Korea,KOR,p_DD,61,139,0.4388489209,43.88489209
South Korea,KOR,p_DA,34,139,0.2446043165,24.46043165
Mexico,MEX,p_AD,43,157,0.2738853503,27.38853503
Mexico,MEX,p_AA,77,157,0.4904458599,49.04458599
Mexico,MEX,p_DD,63,140,0.45,45
Mexico,MEX,p_DA,35,140,0.25,25
Russia,RUS,p_AD,40,156,0.2564102564,25.64102564
Russia,RUS,p_AA,78,156,0.5,50
Russia,RUS,p_DD,65,140,0.4642857143,46.42857143
Russia,RUS,p_DA,34,140,0.2428571429,24.28571429
Saudi Arabia,SAU,p_AD,43,157,0.2738853503,27.38853503
Saudi Arabia,SAU,p_AA,73,157,0.4649681529,46.49681529
Saudi Arabia,SAU,p_DD,65,144,0.4513888889,45.13888889
Saudi Arabia,SAU,p_DA,35,144,0.2430555556,24.30555556
South Africa,ZAF,p_AD,43,158,0.2721518987,27.21518987
South Africa,ZAF,p_AA,77,158,0.4873417722,48.73417722
South Africa,ZAF,p_DD,57,134,0.4253731343,42.53731343
South Africa,ZAF,p_DA,34,134,0.2537313433,25.37313433
Türkiye,TUR,p_AD,42,161,0.2608695652,26.08695652
Türkiye,TUR,p_AA,80,161,0.4968944099,49.68944099
Türkiye,TUR,p_DD,63,136,0.4632352941,46.32352941
Türkiye,TUR,p_DA,33,136,0.2426470588,24.26470588
United Kingdom,GBR,p_AD,41,157,0.2611464968,26.11464968
United Kingdom,GBR,p_AA,77,157,0.4904458599,49.04458599
United Kingdom,GBR,p_DD,57,134,0.4253731343,42.53731343
United Kingdom,GBR,p_DA,35,134,0.2611940299,26.11940299
United States,USA,p_AD,39,158,0.246835443,24.6835443
United States,USA,p_AA,79,158,0.5,50
United States,USA,p_DD,61,134,0.4552238806,45.52238806
United States,USA,p_DA,31,134,0.2313432836,23.13432836
